recordKey,seNumber,swimmerName,event,course,displayTime,timeSec,convertedTime,waPoints,date,meetName,venue,licence,level,importVersion,batchId,importedAt,calculatedCourse
1818529_100Breaststroke_LC_2026-05-30,1818529,Alexie Tembey,100 Breaststroke,LC,01:51.83,111.83,01:50.70,188,2026-05-30,City of Wells Open Meet 2026,Stree,SW260753,3,5.0.0-python,BATCH-20261004-124716,2026-10-04,LC
1818529_100Breaststroke_SC_2025-11-29,1818529,Alexie Tembey,100 Breaststroke,SC,01:53.38,113.38,01:54.50,166,2025-11-29,Bristol & South Gloucs SC County Qualifier L3 2025,Weston-super-Mare,SW252042,3,5.0.0-python,BATCH-20261004-124716,2026-10-04,SC
1818529_100Butterfly_SC_2025-11-30,1818529,Alexie Tembey,100 Butterfly,SC,01:48.24,108.24,01:48.90,115,2025-11-30,Bristol & South Gloucs SC County Qualifier L3 2025,Weston-super-Mare,SW252042,3,5.0.0-python,BATCH-20261004-124716,2026-10-04,SC
1818529_100Freestyle_SC_2026-06-13,1818529,Alexie Tembey,100 Freestyle,SC,01:22.54,82.54,01:23.60,225,2026-06-13,Clevedon ASC Summerset Sizzler,Weston Super Mare,SW260842,3,5.0.0-python,BATCH-20261004-124716,2026-10-04,SC
1818529_100IndividualMedley_SC_2026-09-19,1818529,Alexie Tembey,100 Individual Medley,SC,01:31.86,91.86,01:31.90,215,2026-09-19,Somerset ASA County Relay Team & 100m IM 1Dayer,"Street, Somerset",SW261687,2,5.0.0-python,BATCH-20261004-124716,2026-10-04,SC
1818529_50Breaststroke_LC_2026-02-07,1818529,Alexie Tembey,50 Breaststroke,LC,00:52.96,52.96,00:52.40,166,2026-02-07,Somerset ASA County Championships 2026,Street,SW260208,1,5.0.0-python,BATCH-20261004-124716,2026-10-04,LC
1818529_50Breaststroke_SC_2026-06-13,1818529,Alexie Tembey,50 Breaststroke,SC,00:48.48,48.48,00:49.10,200,2026-06-13,Clevedon ASC Summerset Sizzler,Weston Super Mare,SW260842,3,5.0.0-python,BATCH-20261004-124716,2026-10-04,SC
1818529_50Butterfly_LC_2026-01-25,1818529,Alexie Tembey,50 Butterfly,LC,00:46.69,46.69,00:46.30,143,2026-01-25,Somerset ASA County Championships 2026,Street,SW260207,1,5.0.0-python,BATCH-20261004-124716,2026-10-04,LC
1818529_50Butterfly_SC_2026-06-13,1818529,Alexie Tembey,50 Butterfly,SC,00:42.90,42.9,00:43.30,173,2026-06-13,Clevedon ASC Summerset Sizzler,Weston Super Mare,SW260842,3,5.0.0-python,BATCH-20261004-124716,2026-10-04,SC
1818529_50Freestyle_LC_2026-05-30,1818529,Alexie Tembey,50 Freestyle,LC,00:38.62,38.62,00:38.10,228,2026-05-30,City of Wells Open Meet 2026,Stree,SW260753,3,5.0.0-python,BATCH-20261004-124716,2026-10-04,LC
1818529_50Freestyle_SC_2025-11-30,1818529,Alexie Tembey,50 Freestyle,SC,00:39.31,39.31,00:39.80,195,2025-11-30,Bristol & South Gloucs SC County Qualifier L3 2025,Weston-super-Mare,SW252042,3,5.0.0-python,BATCH-20261004-124716,2026-10-04,SC
1637418_100Backstroke_LC_2026-05-31,1637418,Annabel Livesey,100 Backstroke,LC,01:30.53,90.53,01:29.60,251,2026-05-31,City of Wells Open Meet 2026,Stree,SW260753,3,5.0.0-python,BATCH-20261004-124716,2026-10-04,LC
1637418_100Backstroke_SC_2026-03-28,1637418,Annabel Livesey,100 Backstroke,SC,01:26.34,86.34,01:27.30,244,2026-03-28,Yeovil District SC Spring Fling Open Meet,Street,SW260136,3,5.0.0-python,BATCH-20261004-124716,2026-10-04,SC
1637418_100Butterfly_LC_2026-05-31,1637418,Annabel Livesey,100 Butterfly,LC,01:35.89,95.89,01:35.10,184,2026-05-31,City of Wells Open Meet 2026,Stree,SW260753,3,5.0.0-python,BATCH-20261004-124716,2026-10-04,LC
1637418_100Butterfly_SC_2025-10-26,1637418,Annabel Livesey,100 Butterfly,SC,01:23.81,83.81,01:24.70,248,2025-10-26,Co Bristol L3 SC Halloween Spooktacular 2025,Bristol,SW251781,3,5.0.0-python,BATCH-20261004-124716,2026-10-04,SC
1637418_100Freestyle_LC_2025-07-19,1637418,Annabel Livesey,100 Freestyle,LC,01:15.97,75.97,01:14.90,315,2025-07-19,City of Bristol SC L3 Long Course Summer Festival,Bristol,SW250631,3,5.0.0-python,BATCH-20261004-124716,2026-10-04,LC
1637418_100Freestyle_SC_2025-09-28,1637418,Annabel Livesey,100 Freestyle,SC,01:13.45,73.45,01:14.60,320,2025-09-28,Somerset ASA County Development Meet 2025,Street,SW251827,3,5.0.0-python,BATCH-20261004-124716,2026-10-04,SC
1637418_100IndividualMedley_SC_2025-09-28,1637418,Annabel Livesey,100 Individual Medley,SC,01:27.74,87.74,01:27.70,247,2025-09-28,Somerset ASA County Development Meet 2025,Street,SW251827,3,5.0.0-python,BATCH-20261004-124716,2026-10-04,SC
1637418_1500Freestyle_LC_2025-02-08,1637418,Annabel Livesey,1500 Freestyle,LC,24:00.76,1440.76,23:46.30,260,2025-02-08,2025 Somerset ASA County Championships,Millfield,SW250189,1,5.0.0-python,BATCH-20261004-124716,2026-10-04,LC
1637418_1500Freestyle_SC_2025-11-16,1637418,Annabel Livesey,1500 Freestyle,SC,22:43.87,1363.87,22:59.00,295,2025-11-16,Somerset ASA The John Bolton 2025,Street,SW252461,3,5.0.0-python,BATCH-20261004-124716,2026-10-04,SC
1637418_200Butterfly_LC_2026-01-24,1637418,Annabel Livesey,200 Butterfly,LC,03:17.03,197.03,03:15.40,236,2026-01-24,Somerset ASA County Championships 2026,Street,SW260207,1,5.0.0-python,BATCH-20261004-124716,2026-10-04,LC
1637418_200Butterfly_SC_2025-12-14,1637418,Annabel Livesey,200 Butterfly,SC,03:12.56,192.56,03:14.20,237,2025-12-14,Yeovil & District Christmas L3 Open Meet 2025,Street,SW251600,3,5.0.0-python,BATCH-20261004-124716,2026-10-04,SC
1637418_200Freestyle_LC_2025-07-20,1637418,Annabel Livesey,200 Freestyle,LC,02:46.92,166.92,02:44.80,303,2025-07-20,City of Bristol SC L3 Long Course Summer Festival,Bristol,SW250631,3,5.0.0-python,BATCH-20261004-124716,2026-10-04,LC
1637418_200Freestyle_SC_2025-05-31,1637418,Annabel Livesey,200 Freestyle,SC,02:40.08,160.08,02:42.20,327,2025-05-31,Severnside Tritons Ange Marling Memorial L3 2025,Weston Super Mare,SW250364,3,5.0.0-python,BATCH-20261004-124716,2026-10-04,SC
1637418_200IndividualMedley_LC_2024-07-20,1637418,Annabel Livesey,200 Individual Medley,LC,03:23.70,203.7,03:21.70,234,2024-07-20,City of Bristol L3 LC Summer Festival 2024,Bristol,SW240798,3,5.0.0-python,BATCH-20261004-124716,2026-10-04,LC
1637418_200IndividualMedley_SC_2025-12-14,1637418,Annabel Livesey,200 Individual Medley,SC,03:06.11,186.11,03:08.20,279,2025-12-14,Yeovil & District Christmas L3 Open Meet 2025,Street,SW251600,3,5.0.0-python,BATCH-20261004-124716,2026-10-04,SC
1637418_400Freestyle_LC_2025-07-19,1637418,Annabel Livesey,400 Freestyle,LC,06:00.81,360.81,05:56.90,273,2025-07-19,City of Bristol SC L3 Long Course Summer Festival,Bristol,SW250631,3,5.0.0-python,BATCH-20261004-124716,2026-10-04,LC
1637418_400Freestyle_SC_2025-11-30,1637418,Annabel Livesey,400 Freestyle,SC,05:37.91,337.91,05:42.00,316,2025-11-30,Bristol & South Gloucs SC County Qualifier L3 2025,Weston-super-Mare,SW252042,3,5.0.0-python,BATCH-20261004-124716,2026-10-04,SC
1637418_400IndividualMedley_LC_2025-07-20,1637418,Annabel Livesey,400 Individual Medley,LC,06:51.32,411.32,06:47.00,263,2025-07-20,City of Bristol SC L3 Long Course Summer Festival,Bristol,SW250631,3,5.0.0-python,BATCH-20261004-124716,2026-10-04,LC
1637418_50Backstroke_LC_2026-05-30,1637418,Annabel Livesey,50 Backstroke,LC,00:42.43,42.43,00:42.00,253,2026-05-30,City of Wells Open Meet 2026,Stree,SW260753,3,5.0.0-python,BATCH-20261004-124716,2026-10-04,LC
1637418_50Backstroke_SC_2026-06-27,1637418,Annabel Livesey,50 Backstroke,SC,00:40.87,40.87,00:41.40,235,2026-06-27,Burnham-on-Sea Super Six L3 Meet,Weston-Super-Mare,SW260527,3,5.0.0-python,BATCH-20261004-124716,2026-10-04,SC
1637418_50Breaststroke_SC_2023-11-25,1637418,Annabel Livesey,50 Breaststroke,SC,00:51.68,51.68,00:52.30,165,2023-11-25,Bristol Penguins & Keynsham Autumn Sprint Meet 23,Bristol,SW232177,3,5.0.0-python,BATCH-20261004-124716,2026-10-04,SC
1637418_50Butterfly_LC_2026-07-19,1637418,Annabel Livesey,50 Butterfly,LC,00:37.84,37.84,00:37.30,269,2026-07-19,City of Bristol L3 Long Course Summer Festival,Bristol,SW261489,3,5.0.0-python,BATCH-20261004-124716,2026-10-04,LC
1637418_50Butterfly_SC_2025-11-29,1637418,Annabel Livesey,50 Butterfly,SC,00:36.24,36.24,00:36.80,288,2025-11-29,Bristol & South Gloucs SC County Qualifier L3 2025,Weston-super-Mare,SW252042,3,5.0.0-python,BATCH-20261004-124716,2026-10-04,SC
1637418_50Freestyle_LC_2024-07-21,1637418,Annabel Livesey,50 Freestyle,LC,00:35.26,35.26,00:34.70,300,2024-07-21,City of Bristol L3 LC Summer Festival 2024,Bristol,SW240798,3,5.0.0-python,BATCH-20261004-124716,2026-10-04,LC
1637418_50Freestyle_SC_2026-06-27,1637418,Annabel Livesey,50 Freestyle,SC,00:33.58,33.58,00:34.20,314,2026-06-27,Burnham-on-Sea Super Six L3 Meet,Weston-Super-Mare,SW260527,3,5.0.0-python,BATCH-20261004-124716,2026-10-04,SC
1637418_800Freestyle_SC_2025-11-15,1637418,Annabel Livesey,800 Freestyle,SC,11:51.00,711.0,11:59.10,302,2025-11-15,Somerset ASA The John Bolton 2025,Street,SW252460,3,5.0.0-python,BATCH-20261004-124716,2026-10-04,SC
1624355_100Breaststroke_SC_2023-06-24,1624355,Austin Hodder,100 Breaststroke,SC,01:54.15,114.15,01:55.30,113,2023-06-24,Clevedon and Trident Level 3 Open Meet 2023,Hutton Moor lc,SW230580,3,5.0.0-python,BATCH-20261004-124716,2026-10-04,SC
1624355_100Freestyle_SC_2022-11-26,1624355,Austin Hodder,100 Freestyle,SC,01:49.13,109.13,01:49.90,69,2022-11-26,Keynsham & Bristol Penguins Autumn Sprint Meet 22,Bristol,SW222202,3,5.0.0-python,BATCH-20261004-124716,2026-10-04,SC
1624355_100IndividualMedley_SC_2026-06-14,1624355,Austin Hodder,100 Individual Medley,SC,01:25.33,85.33,01:25.30,192,2026-06-14,Clevedon ASC Summerset Sizzler,Weston Super Mare,SW260842,3,5.0.0-python,BATCH-20261004-124716,2026-10-04,SC
1624355_200Breaststroke_LC_2026-05-30,1624355,Austin Hodder,200 Breaststroke,LC,03:30.88,210.88,03:28.40,210,2026-05-30,City of Wells Open Meet 2026,Stree,SW260753,3,5.0.0-python,BATCH-20261004-124716,2026-10-04,LC
1624355_50Backstroke_SC_2022-10-01,1624355,Austin Hodder,50 Backstroke,SC,00:56.93,56.93,00:57.30,58,2022-10-01,Somerset ASA Development Meet 2022,Millfield,SW221540,3,5.0.0-python,BATCH-20261004-124716,2026-10-04,SC
1624355_50Breaststroke_LC_2026-05-30,1624355,Austin Hodder,50 Breaststroke,LC,00:44.12,44.12,00:43.40,203,2026-05-30,City of Wells Open Meet 2026,Stree,SW260753,3,5.0.0-python,BATCH-20261004-124716,2026-10-04,LC
1624355_50Breaststroke_SC_2026-06-27,1624355,Austin Hodder,50 Breaststroke,SC,00:40.58,40.58,00:41.30,232,2026-06-27,Burnham-on-Sea Super Six L3 Meet,Weston-Super-Mare,SW260527,3,5.0.0-python,BATCH-20261004-124716,2026-10-04,SC
1624355_50Freestyle_SC_2026-06-27,1624355,Austin Hodder,50 Freestyle,SC,00:30.03,30.03,00:30.70,291,2026-06-27,Burnham-on-Sea Super Six L3 Meet,Weston-Super-Mare,SW260527,3,5.0.0-python,BATCH-20261004-124716,2026-10-04,SC
1665971_100Backstroke_SC_2026-06-14,1665971,Ava Mitchard,100 Backstroke,SC,01:24.08,84.08,01:25.00,265,2026-06-14,Clevedon ASC Summerset Sizzler,Weston Super Mare,SW260842,3,5.0.0-python,BATCH-20261004-124716,2026-10-04,SC
1665971_100Breaststroke_LC_2026-05-30,1665971,Ava Mitchard,100 Breaststroke,LC,01:33.99,93.99,01:32.60,317,2026-05-30,City of Wells Open Meet 2026,Stree,SW260753,3,5.0.0-python,BATCH-20261004-124716,2026-10-04,LC
1665971_100Breaststroke_SC_2025-11-29,1665971,Ava Mitchard,100 Breaststroke,SC,01:31.65,91.65,01:33.00,315,2025-11-29,Bristol & South Gloucs SC County Qualifier L3 2025,Weston-super-Mare,SW252042,3,5.0.0-python,BATCH-20261004-124716,2026-10-04,SC
1665971_100Freestyle_LC_2025-07-19,1665971,Ava Mitchard,100 Freestyle,LC,01:26.87,86.87,01:25.90,210,2025-07-19,City of Bristol SC L3 Long Course Summer Festival,Bristol,SW250631,3,5.0.0-python,BATCH-20261004-124716,2026-10-04,LC
1665971_100Freestyle_SC_2026-06-27,1665971,Ava Mitchard,100 Freestyle,SC,01:13.72,73.72,01:14.80,316,2026-06-27,Burnham-on-Sea Super Six L3 Meet,Weston-Super-Mare,SW260527,3,5.0.0-python,BATCH-20261004-124716,2026-10-04,SC
1665971_100IndividualMedley_SC_2026-06-13,1665971,Ava Mitchard,100 Individual Medley,SC,01:25.07,85.07,01:25.10,271,2026-06-13,Clevedon ASC Summerset Sizzler,Weston Super Mare,SW260842,3,5.0.0-python,BATCH-20261004-124716,2026-10-04,SC
1665971_200Backstroke_SC_2026-06-13,1665971,Ava Mitchard,200 Backstroke,SC,02:57.11,177.11,02:59.00,296,2026-06-13,Clevedon ASC Summerset Sizzler,Weston Super Mare,SW260842,3,5.0.0-python,BATCH-20261004-124716,2026-10-04,SC
1665971_200Breaststroke_SC_2026-06-14,1665971,Ava Mitchard,200 Breaststroke,SC,03:13.67,193.67,03:16.40,320,2026-06-14,Clevedon ASC Summerset Sizzler,Weston Super Mare,SW260842,3,5.0.0-python,BATCH-20261004-124716,2026-10-04,SC
1665971_200Freestyle_SC_2024-10-05,1665971,Ava Mitchard,200 Freestyle,SC,03:10.28,190.28,03:12.10,194,2024-10-05,Somerset County Development Meet 2024,Street,SW241425,3,5.0.0-python,BATCH-20261004-124716,2026-10-04,SC
1665971_200IndividualMedley_LC_2026-05-30,1665971,Ava Mitchard,200 Individual Medley,LC,03:08.37,188.37,03:06.30,297,2026-05-30,City of Wells Open Meet 2026,Stree,SW260753,3,5.0.0-python,BATCH-20261004-124716,2026-10-04,LC
1665971_200IndividualMedley_SC_2025-11-30,1665971,Ava Mitchard,200 Individual Medley,SC,03:02.18,182.18,03:04.30,297,2025-11-30,Bristol & South Gloucs SC County Qualifier L3 2025,Weston-super-Mare,SW252042,3,5.0.0-python,BATCH-20261004-124716,2026-10-04,SC
1665971_400IndividualMedley_SC_2026-03-08,1665971,Ava Mitchard,400 Individual Medley,SC,06:41.16,401.16,06:45.50,258,2026-03-08,"Keynsham, Bristol & So Gloucestershire 6th Open",Weston-Super-Mare,SW260341,3,5.0.0-python,BATCH-20261004-124716,2026-10-04,SC
1665971_50Backstroke_SC_2026-06-27,1665971,Ava Mitchard,50 Backstroke,SC,00:38.45,38.45,00:39.00,282,2026-06-27,Burnham-on-Sea Super Six L3 Meet,Weston-Super-Mare,SW260527,3,5.0.0-python,BATCH-20261004-124716,2026-10-04,SC
1665971_50Breaststroke_LC_2026-02-07,1665971,Ava Mitchard,50 Breaststroke,LC,00:42.89,42.89,00:42.10,314,2026-02-07,Somerset ASA County Championships 2026,Street,SW260208,1,5.0.0-python,BATCH-20261004-124716,2026-10-04,LC
1665971_50Breaststroke_SC_2026-06-13,1665971,Ava Mitchard,50 Breaststroke,SC,00:39.85,39.85,00:40.60,360,2026-06-13,Clevedon ASC Summerset Sizzler,Weston Super Mare,SW260842,3,5.0.0-python,BATCH-20261004-124716,2026-10-04,SC
1665971_50Butterfly_SC_2025-12-13,1665971,Ava Mitchard,50 Butterfly,SC,00:39.83,39.83,00:40.30,217,2025-12-13,Yeovil & District Christmas L3 Open Meet 2025,Street,SW251600,3,5.0.0-python,BATCH-20261004-124716,2026-10-04,SC
1665971_50Freestyle_SC_2025-03-08,1665971,Ava Mitchard,50 Freestyle,SC,00:37.79,37.79,00:38.30,220,2025-03-08,Bristol PO & Keynsham Spring Open Meet 2025,Weston-Super-Mare,SW250391,3,5.0.0-python,BATCH-20261004-124716,2026-10-04,SC
1665971_800Freestyle_SC_2024-11-16,1665971,Ava Mitchard,800 Freestyle,SC,13:43.47,823.47,13:50.50,194,2024-11-16,Somerset County The John Bolton Meet 2024,Weston-super-Mare,SW241427,3,5.0.0-python,BATCH-20261004-124716,2026-10-04,SC
1805664_50Backstroke_SC_2025-12-14,1805664,Bella Davis,50 Backstroke,SC,00:51.68,51.68,00:52.10,116,2025-12-14,Yeovil & District Christmas L3 Open Meet 2025,Street,SW251600,3,5.0.0-python,BATCH-20261004-124716,2026-10-04,SC
1805664_50Breaststroke_SC_2026-06-27,1805664,Bella Davis,50 Breaststroke,SC,00:50.65,50.65,00:51.30,175,2026-06-27,Burnham-on-Sea Super Six L3 Meet,Weston-Super-Mare,SW260527,3,5.0.0-python,BATCH-20261004-124716,2026-10-04,SC
1805664_50Butterfly_SC_2026-06-27,1805664,Bella Davis,50 Butterfly,SC,01:10.31,70.31,01:10.60,39,2026-06-27,Burnham-on-Sea Super Six L3 Meet,Weston-Super-Mare,SW260527,3,5.0.0-python,BATCH-20261004-124716,2026-10-04,SC
1805664_50Freestyle_SC_2026-06-14,1805664,Bella Davis,50 Freestyle,SC,00:39.80,39.8,00:40.30,188,2026-06-14,Clevedon ASC Summerset Sizzler,Weston Super Mare,SW260842,3,5.0.0-python,BATCH-20261004-124716,2026-10-04,SC
1805665_100Backstroke_LC_2026-05-31,1805665,Bethany Thomas,100 Backstroke,LC,01:35.50,95.5,01:34.70,214,2026-05-31,City of Wells Open Meet 2026,Stree,SW260753,3,5.0.0-python,BATCH-20261004-124716,2026-10-04,LC
1805665_100Backstroke_SC_2026-06-14,1805665,Bethany Thomas,100 Backstroke,SC,01:35.54,95.54,01:36.40,180,2026-06-14,Clevedon ASC Summerset Sizzler,Weston Super Mare,SW260842,3,5.0.0-python,BATCH-20261004-124716,2026-10-04,SC
1805665_100Breaststroke_SC_2025-11-29,1805665,Bethany Thomas,100 Breaststroke,SC,02:03.83,123.83,02:04.80,127,2025-11-29,Bristol & South Gloucs SC County Qualifier L3 2025,Weston-super-Mare,SW252042,3,5.0.0-python,BATCH-20261004-124716,2026-10-04,SC
1805665_100Freestyle_LC_2026-05-30,1805665,Bethany Thomas,100 Freestyle,LC,01:31.62,91.62,01:30.70,179,2026-05-30,City of Wells Open Meet 2026,Stree,SW260753,3,5.0.0-python,BATCH-20261004-124716,2026-10-04,LC
1805665_100Freestyle_SC_2026-06-13,1805665,Bethany Thomas,100 Freestyle,SC,01:27.68,87.68,01:28.60,188,2026-06-13,Clevedon ASC Summerset Sizzler,Weston Super Mare,SW260842,3,5.0.0-python,BATCH-20261004-124716,2026-10-04,SC
1805665_100IndividualMedley_SC_2026-03-07,1805665,Bethany Thomas,100 Individual Medley,SC,01:34.85,94.85,01:34.80,196,2026-03-07,"Keynsham, Bristol & So Gloucestershire 6th Open",Weston-Super-Mare,SW260341,3,5.0.0-python,BATCH-20261004-124716,2026-10-04,SC
1805665_200Freestyle_SC_2026-06-14,1805665,Bethany Thomas,200 Freestyle,SC,03:10.70,190.7,03:12.50,193,2026-06-14,Clevedon ASC Summerset Sizzler,Weston Super Mare,SW260842,3,5.0.0-python,BATCH-20261004-124716,2026-10-04,SC
1805665_50Backstroke_LC_2026-01-24,1805665,Bethany Thomas,50 Backstroke,LC,00:45.91,45.91,00:45.50,200,2026-01-24,Somerset ASA County Championships 2026,Street,SW260207,1,5.0.0-python,BATCH-20261004-124716,2026-10-04,LC
1805665_50Backstroke_SC_2026-06-14,1805665,Bethany Thomas,50 Backstroke,SC,00:43.59,43.59,00:44.00,193,2026-06-14,Clevedon ASC Summerset Sizzler,Weston Super Mare,SW260842,3,5.0.0-python,BATCH-20261004-124716,2026-10-04,SC
1805665_50Breaststroke_LC_2026-05-31,1805665,Bethany Thomas,50 Breaststroke,LC,00:53.87,53.87,00:53.30,158,2026-05-31,City of Wells Open Meet 2026,Stree,SW260753,3,5.0.0-python,BATCH-20261004-124716,2026-10-04,LC
1805665_50Breaststroke_SC_2026-06-13,1805665,Bethany Thomas,50 Breaststroke,SC,00:52.43,52.43,00:53.00,158,2026-06-13,Clevedon ASC Summerset Sizzler,Weston Super Mare,SW260842,3,5.0.0-python,BATCH-20261004-124716,2026-10-04,SC
1805665_50Butterfly_LC_2026-05-31,1805665,Bethany Thomas,50 Butterfly,LC,00:42.28,42.28,00:41.80,192,2026-05-31,City of Wells Open Meet 2026,Stree,SW260753,3,5.0.0-python,BATCH-20261004-124716,2026-10-04,LC
1805665_50Butterfly_SC_2026-06-13,1805665,Bethany Thomas,50 Butterfly,SC,00:41.92,41.92,00:42.40,186,2026-06-13,Clevedon ASC Summerset Sizzler,Weston Super Mare,SW260842,3,5.0.0-python,BATCH-20261004-124716,2026-10-04,SC
1805665_50Freestyle_LC_2026-05-30,1805665,Bethany Thomas,50 Freestyle,LC,00:39.71,39.71,00:39.20,210,2026-05-30,City of Wells Open Meet 2026,Stree,SW260753,3,5.0.0-python,BATCH-20261004-124716,2026-10-04,LC
1805665_50Freestyle_SC_2026-06-14,1805665,Bethany Thomas,50 Freestyle,SC,00:38.69,38.69,00:39.20,205,2026-06-14,Clevedon ASC Summerset Sizzler,Weston Super Mare,SW260842,3,5.0.0-python,BATCH-20261004-124716,2026-10-04,SC
1721976_100Backstroke_SC_2025-11-30,1721976,Billy Marshall,100 Backstroke,SC,01:30.04,90.04,01:30.90,154,2025-11-30,Bristol & South Gloucs SC County Qualifier L3 2025,Weston-super-Mare,SW252042,3,5.0.0-python,BATCH-20261004-124716,2026-10-04,SC
1721976_100Breaststroke_LC_2026-07-19,1721976,Billy Marshall,100 Breaststroke,LC,01:46.68,106.68,01:45.50,151,2026-07-19,City of Bristol L3 Long Course Summer Festival,Bristol,SW261489,3,5.0.0-python,BATCH-20261004-124716,2026-10-04,LC
1721976_100Breaststroke_SC_2026-03-08,1721976,Billy Marshall,100 Breaststroke,SC,01:45.73,105.73,01:46.90,142,2026-03-08,"Keynsham, Bristol & So Gloucestershire 6th Open",Weston-Super-Mare,SW260341,3,5.0.0-python,BATCH-20261004-124716,2026-10-04,SC
1721976_100Freestyle_LC_2026-07-19,1721976,Billy Marshall,100 Freestyle,LC,01:19.91,79.91,01:18.90,195,2026-07-19,City of Bristol L3 Long Course Summer Festival,Bristol,SW261489,3,5.0.0-python,BATCH-20261004-124716,2026-10-04,LC
1721976_100Freestyle_SC_2026-06-14,1721976,Billy Marshall,100 Freestyle,SC,01:20.73,80.73,01:21.80,171,2026-06-14,Clevedon ASC Summerset Sizzler,Weston Super Mare,SW260842,3,5.0.0-python,BATCH-20261004-124716,2026-10-04,SC
1721976_100IndividualMedley_SC_2026-09-19,1721976,Billy Marshall,100 Individual Medley,SC,01:25.82,85.82,01:25.80,189,2026-09-19,Somerset ASA County Relay Team & 100m IM 1Dayer,"Street, Somerset",SW261687,2,5.0.0-python,BATCH-20261004-124716,2026-10-04,SC
1721976_200Freestyle_LC_2026-02-08,1721976,Billy Marshall,200 Freestyle,LC,03:01.36,181.36,02:59.40,177,2026-02-08,Somerset ASA County Championships 2026,Street,SW260208,1,5.0.0-python,BATCH-20261004-124716,2026-10-04,LC
1721976_200Freestyle_SC_2026-06-13,1721976,Billy Marshall,200 Freestyle,SC,02:54.25,174.25,02:56.20,181,2026-06-13,Clevedon ASC Summerset Sizzler,Weston Super Mare,SW260842,3,5.0.0-python,BATCH-20261004-124716,2026-10-04,SC
1721976_200IndividualMedley_LC_2026-07-19,1721976,Billy Marshall,200 Individual Medley,LC,03:12.47,192.47,03:10.40,200,2026-07-19,City of Bristol L3 Long Course Summer Festival,Bristol,SW261489,3,5.0.0-python,BATCH-20261004-124716,2026-10-04,LC
1721976_50Backstroke_LC_2026-07-18,1721976,Billy Marshall,50 Backstroke,LC,00:41.55,41.55,00:41.10,182,2026-07-18,City of Bristol L3 Long Course Summer Festival,Bristol,SW261489,3,5.0.0-python,BATCH-20261004-124716,2026-10-04,LC
1721976_50Backstroke_SC_2025-11-29,1721976,Billy Marshall,50 Backstroke,SC,00:41.74,41.74,00:42.20,148,2025-11-29,Bristol & South Gloucs SC County Qualifier L3 2025,Weston-super-Mare,SW252042,3,5.0.0-python,BATCH-20261004-124716,2026-10-04,SC
1721976_50Breaststroke_LC_2026-01-18,1721976,Billy Marshall,50 Breaststroke,LC,00:49.96,49.96,00:49.30,140,2026-01-18,Somerset ASA County Championships 2026,Street,SW260206,1,5.0.0-python,BATCH-20261004-124716,2026-10-04,LC
1721976_50Breaststroke_SC_2026-06-27,1721976,Billy Marshall,50 Breaststroke,SC,00:49.56,49.56,00:50.20,127,2026-06-27,Burnham-on-Sea Super Six L3 Meet,Weston-Super-Mare,SW260527,3,5.0.0-python,BATCH-20261004-124716,2026-10-04,SC
1721976_50Butterfly_SC_2026-06-14,1721976,Billy Marshall,50 Butterfly,SC,00:41.17,41.17,00:41.60,138,2026-06-14,Clevedon ASC Summerset Sizzler,Weston Super Mare,SW260842,3,5.0.0-python,BATCH-20261004-124716,2026-10-04,SC
1721976_50Freestyle_LC_2026-07-18,1721976,Billy Marshall,50 Freestyle,LC,00:34.89,34.89,00:34.30,215,2026-07-18,City of Bristol L3 Long Course Summer Festival,Bristol,SW261489,3,5.0.0-python,BATCH-20261004-124716,2026-10-04,LC
1721976_50Freestyle_SC_2026-06-27,1721976,Billy Marshall,50 Freestyle,SC,00:35.13,35.13,00:35.70,181,2026-06-27,Burnham-on-Sea Super Six L3 Meet,Weston-Super-Mare,SW260527,3,5.0.0-python,BATCH-20261004-124716,2026-10-04,SC
1637411_100Backstroke_SC_2025-11-30,1637411,Cara Hobden,100 Backstroke,SC,01:29.53,89.53,01:30.40,219,2025-11-30,Bristol & South Gloucs SC County Qualifier L3 2025,Weston-super-Mare,SW252042,3,5.0.0-python,BATCH-20261004-124716,2026-10-04,SC
1637411_100Breaststroke_SC_2026-06-14,1637411,Cara Hobden,100 Breaststroke,SC,01:45.41,105.41,01:46.60,207,2026-06-14,Clevedon ASC Summerset Sizzler,Weston Super Mare,SW260842,3,5.0.0-python,BATCH-20261004-124716,2026-10-04,SC
1637411_100Freestyle_SC_2024-09-28,1637411,Cara Hobden,100 Freestyle,SC,01:34.40,94.4,01:35.30,150,2024-09-28,Bristol North 44th Annual Junior Open Meet 2024,Weston Super Mare,SW240800,3,5.0.0-python,BATCH-20261004-124716,2026-10-04,SC
1637411_100IndividualMedley_SC_2026-06-27,1637411,Cara Hobden,100 Individual Medley,SC,01:32.42,92.42,01:32.40,212,2026-06-27,Burnham-on-Sea Super Six L3 Meet,Weston-Super-Mare,SW260527,3,5.0.0-python,BATCH-20261004-124716,2026-10-04,SC
1637411_200Backstroke_LC_2025-07-20,1637411,Cara Hobden,200 Backstroke,LC,03:25.48,205.48,03:23.80,215,2025-07-20,City of Bristol SC L3 Long Course Summer Festival,Bristol,SW250631,3,5.0.0-python,BATCH-20261004-124716,2026-10-04,LC
1637411_200Backstroke_SC_2025-10-26,1637411,Cara Hobden,200 Backstroke,SC,03:15.12,195.12,03:16.80,221,2025-10-26,Co Bristol L3 SC Halloween Spooktacular 2025,Bristol,SW251781,3,5.0.0-python,BATCH-20261004-124716,2026-10-04,SC
1637411_200Freestyle_SC_2024-06-01,1637411,Cara Hobden,200 Freestyle,SC,03:41.89,221.89,03:43.50,122,2024-06-01,Severnside Tritons Ange Marling Memorial,Weston Super Mare,SW240470,3,5.0.0-python,BATCH-20261004-124716,2026-10-04,SC
1637411_200IndividualMedley_SC_2025-03-30,1637411,Cara Hobden,200 Individual Medley,SC,03:33.29,213.29,03:35.10,185,2025-03-30,Yeovil & District Spring Fling 2025,Millfield,SW250195,3,5.0.0-python,BATCH-20261004-124716,2026-10-04,SC
1637411_50Backstroke_LC_2025-01-19,1637411,Cara Hobden,50 Backstroke,LC,00:43.58,43.58,00:43.10,234,2025-01-19,2025 Somerset ASA County Championships,Millfield,SW250187,1,5.0.0-python,BATCH-20261004-124716,2026-10-04,LC
1637411_50Backstroke_SC_2025-11-29,1637411,Cara Hobden,50 Backstroke,SC,00:41.11,41.11,00:41.60,231,2025-11-29,Bristol & South Gloucs SC County Qualifier L3 2025,Weston-super-Mare,SW252042,3,5.0.0-python,BATCH-20261004-124716,2026-10-04,SC
1637411_50Breaststroke_LC_2024-07-21,1637411,Cara Hobden,50 Breaststroke,LC,00:59.79,59.79,00:59.30,116,2024-07-21,City of Bristol L3 LC Summer Festival 2024,Bristol,SW240798,3,5.0.0-python,BATCH-20261004-124716,2026-10-04,LC
1637411_50Breaststroke_SC_2026-06-27,1637411,Cara Hobden,50 Breaststroke,SC,00:51.58,51.58,00:52.20,166,2026-06-27,Burnham-on-Sea Super Six L3 Meet,Weston-Super-Mare,SW260527,3,5.0.0-python,BATCH-20261004-124716,2026-10-04,SC
1637411_50Butterfly_SC_2025-03-29,1637411,Cara Hobden,50 Butterfly,SC,00:49.67,49.67,00:50.10,111,2025-03-29,Yeovil & District Spring Fling 2025,Millfield,SW250195,3,5.0.0-python,BATCH-20261004-124716,2026-10-04,SC
1637411_50Freestyle_LC_2024-07-21,1637411,Cara Hobden,50 Freestyle,LC,00:46.76,46.76,00:46.30,128,2024-07-21,City of Bristol L3 LC Summer Festival 2024,Bristol,SW240798,3,5.0.0-python,BATCH-20261004-124716,2026-10-04,LC
1637411_50Freestyle_SC_2026-03-08,1637411,Cara Hobden,50 Freestyle,SC,00:39.84,39.84,00:40.40,188,2026-03-08,"Keynsham, Bristol & So Gloucestershire 6th Open",Weston-Super-Mare,SW260341,3,5.0.0-python,BATCH-20261004-124716,2026-10-04,SC
1637419_100Backstroke_LC_2025-01-26,1637419,Edna Jacobs,100 Backstroke,LC,01:28.44,88.44,01:27.50,269,2025-01-26,2025 Somerset ASA County Championships,Millfield,SW250188,1,5.0.0-python,BATCH-20261004-124716,2026-10-04,LC
1637419_100Backstroke_SC_2025-12-13,1637419,Edna Jacobs,100 Backstroke,SC,01:24.79,84.79,01:25.70,258,2025-12-13,Yeovil & District Christmas L3 Open Meet 2025,Street,SW251600,3,5.0.0-python,BATCH-20261004-124716,2026-10-04,SC
1637419_100Breaststroke_SC_2026-03-28,1637419,Edna Jacobs,100 Breaststroke,SC,01:34.21,94.21,01:35.50,290,2026-03-28,Yeovil District SC Spring Fling Open Meet,Street,SW260136,3,5.0.0-python,BATCH-20261004-124716,2026-10-04,SC
1637419_100Freestyle_LC_2025-01-25,1637419,Edna Jacobs,100 Freestyle,LC,01:21.72,81.72,01:20.70,253,2025-01-25,2025 Somerset ASA County Championships,Millfield,SW250188,1,5.0.0-python,BATCH-20261004-124716,2026-10-04,LC
1637419_100Freestyle_SC_2026-06-27,1637419,Edna Jacobs,100 Freestyle,SC,01:15.36,75.36,01:16.50,296,2026-06-27,Burnham-on-Sea Super Six L3 Meet,Weston-Super-Mare,SW260527,3,5.0.0-python,BATCH-20261004-124716,2026-10-04,SC
1637419_100IndividualMedley_SC_2026-06-27,1637419,Edna Jacobs,100 Individual Medley,SC,01:21.37,81.37,01:21.40,310,2026-06-27,Burnham-on-Sea Super Six L3 Meet,Weston-Super-Mare,SW260527,3,5.0.0-python,BATCH-20261004-124716,2026-10-04,SC
1637419_200Backstroke_LC_2025-02-09,1637419,Edna Jacobs,200 Backstroke,LC,03:12.53,192.53,03:10.80,261,2025-02-09,2025 Somerset ASA County Championships,Millfield,SW250189,1,5.0.0-python,BATCH-20261004-124716,2026-10-04,LC
1637419_200Backstroke_SC_2025-07-05,1637419,Edna Jacobs,200 Backstroke,SC,03:01.44,181.44,03:03.30,275,2025-07-05,Clevedon ASC Summerset Sizzler Level 3 Meet,Weston Super Mare,SW250237,3,5.0.0-python,BATCH-20261004-124716,2026-10-04,SC
1637419_200Breaststroke_SC_2025-12-13,1637419,Edna Jacobs,200 Breaststroke,SC,03:28.22,208.22,03:30.70,257,2025-12-13,Yeovil & District Christmas L3 Open Meet 2025,Street,SW251600,3,5.0.0-python,BATCH-20261004-124716,2026-10-04,SC
1637419_200Freestyle_SC_2025-07-06,1637419,Edna Jacobs,200 Freestyle,SC,02:54.29,174.29,02:56.30,253,2025-07-06,Clevedon ASC Summerset Sizzler Level 3 Meet,Weston Super Mare,SW250237,3,5.0.0-python,BATCH-20261004-124716,2026-10-04,SC
1637419_200IndividualMedley_SC_2025-06-01,1637419,Edna Jacobs,200 Individual Medley,SC,03:12.55,192.55,03:14.60,252,2025-06-01,Severnside Tritons Ange Marling Memorial L3 2025,Weston Super Mare,SW250364,3,5.0.0-python,BATCH-20261004-124716,2026-10-04,SC
1637419_50Backstroke_LC_2025-01-19,1637419,Edna Jacobs,50 Backstroke,LC,00:41.84,41.84,00:41.40,264,2025-01-19,2025 Somerset ASA County Championships,Millfield,SW250187,1,5.0.0-python,BATCH-20261004-124716,2026-10-04,LC
1637419_50Backstroke_SC_2026-06-27,1637419,Edna Jacobs,50 Backstroke,SC,00:39.53,39.53,00:40.00,259,2026-06-27,Burnham-on-Sea Super Six L3 Meet,Weston-Super-Mare,SW260527,3,5.0.0-python,BATCH-20261004-124716,2026-10-04,SC
1637419_50Breaststroke_LC_2025-01-25,1637419,Edna Jacobs,50 Breaststroke,LC,00:45.56,45.56,00:44.90,262,2025-01-25,2025 Somerset ASA County Championships,Millfield,SW250188,1,5.0.0-python,BATCH-20261004-124716,2026-10-04,LC
1637419_50Breaststroke_SC_2026-06-13,1637419,Edna Jacobs,50 Breaststroke,SC,00:42.22,42.22,00:43.00,303,2026-06-13,Clevedon ASC Summerset Sizzler,Weston Super Mare,SW260842,3,5.0.0-python,BATCH-20261004-124716,2026-10-04,SC
1637419_50Butterfly_LC_2025-02-09,1637419,Edna Jacobs,50 Butterfly,LC,00:44.20,44.2,00:43.80,168,2025-02-09,2025 Somerset ASA County Championships,Millfield,SW250189,1,5.0.0-python,BATCH-20261004-124716,2026-10-04,LC
1637419_50Butterfly_SC_2026-06-27,1637419,Edna Jacobs,50 Butterfly,SC,00:37.28,37.28,00:37.80,264,2026-06-27,Burnham-on-Sea Super Six L3 Meet,Weston-Super-Mare,SW260527,3,5.0.0-python,BATCH-20261004-124716,2026-10-04,SC
1637419_50Freestyle_LC_2025-02-09,1637419,Edna Jacobs,50 Freestyle,LC,00:36.30,36.3,00:35.70,275,2025-02-09,2025 Somerset ASA County Championships,Millfield,SW250189,1,5.0.0-python,BATCH-20261004-124716,2026-10-04,LC
1637419_50Freestyle_SC_2026-06-27,1637419,Edna Jacobs,50 Freestyle,SC,00:33.94,33.94,00:34.60,304,2026-06-27,Burnham-on-Sea Super Six L3 Meet,Weston-Super-Mare,SW260527,3,5.0.0-python,BATCH-20261004-124716,2026-10-04,SC
1637419_800Freestyle_SC_2024-07-13,1637419,Edna Jacobs,800 Freestyle,SC,13:26.58,806.58,13:33.70,207,2024-07-13,Clevedon ASC 1500m & 800m Free Invitational 2024,Clevedon,SW240737,4,5.0.0-python,BATCH-20261004-124716,2026-10-04,SC
1785654_100Backstroke_LC_2026-07-18,1785654,Elana Brayton,100 Backstroke,LC,01:40.89,100.89,01:40.10,181,2026-07-18,City of Bristol L3 Long Course Summer Festival,Bristol,SW261489,3,5.0.0-python,BATCH-20261004-124716,2026-10-04,LC
1785654_100Backstroke_SC_2025-10-25,1785654,Elana Brayton,100 Backstroke,SC,01:43.81,103.81,01:44.60,140,2025-10-25,Co Bristol L3 SC Halloween Spooktacular 2025,Bristol,SW251781,3,5.0.0-python,BATCH-20261004-124716,2026-10-04,SC
1785654_100Freestyle_SC_2026-06-27,1785654,Elana Brayton,100 Freestyle,SC,01:28.38,88.38,01:29.30,183,2026-06-27,Burnham-on-Sea Super Six L3 Meet,Weston-Super-Mare,SW260527,3,5.0.0-python,BATCH-20261004-124716,2026-10-04,SC
1785654_200Freestyle_SC_2026-03-08,1785654,Elana Brayton,200 Freestyle,SC,03:22.96,202.96,03:24.70,160,2026-03-08,"Keynsham, Bristol & So Gloucestershire 6th Open",Weston-Super-Mare,SW260341,3,5.0.0-python,BATCH-20261004-124716,2026-10-04,SC
1785654_50Backstroke_SC_2026-03-08,1785654,Elana Brayton,50 Backstroke,SC,00:46.58,46.58,00:47.00,158,2026-03-08,"Keynsham, Bristol & So Gloucestershire 6th Open",Weston-Super-Mare,SW260341,3,5.0.0-python,BATCH-20261004-124716,2026-10-04,SC
1785654_50Butterfly_SC_2026-06-27,1785654,Elana Brayton,50 Butterfly,SC,00:45.85,45.85,00:46.30,142,2026-06-27,Burnham-on-Sea Super Six L3 Meet,Weston-Super-Mare,SW260527,3,5.0.0-python,BATCH-20261004-124716,2026-10-04,SC
1785654_50Freestyle_SC_2026-06-27,1785654,Elana Brayton,50 Freestyle,SC,00:39.30,39.3,00:39.80,196,2026-06-27,Burnham-on-Sea Super Six L3 Meet,Weston-Super-Mare,SW260527,3,5.0.0-python,BATCH-20261004-124716,2026-10-04,SC
1824810_100Freestyle_SC_2026-06-13,1824810,Eleonora Sorroche Baseotto,100 Freestyle,SC,01:25.67,85.67,01:26.60,201,2026-06-13,Clevedon ASC Summerset Sizzler,Weston Super Mare,SW260842,3,5.0.0-python,BATCH-20261004-124716,2026-10-04,SC
1824810_50Backstroke_SC_2026-06-27,1824810,Eleonora Sorroche Baseotto,50 Backstroke,SC,00:48.21,48.21,00:48.60,143,2026-06-27,Burnham-on-Sea Super Six L3 Meet,Weston-Super-Mare,SW260527,3,5.0.0-python,BATCH-20261004-124716,2026-10-04,SC
1824810_50Breaststroke_SC_2026-06-27,1824810,Eleonora Sorroche Baseotto,50 Breaststroke,SC,00:51.63,51.63,00:52.20,165,2026-06-27,Burnham-on-Sea Super Six L3 Meet,Weston-Super-Mare,SW260527,3,5.0.0-python,BATCH-20261004-124716,2026-10-04,SC
1824810_50Freestyle_SC_2026-06-14,1824810,Eleonora Sorroche Baseotto,50 Freestyle,SC,00:37.08,37.08,00:37.60,233,2026-06-14,Clevedon ASC Summerset Sizzler,Weston Super Mare,SW260842,3,5.0.0-python,BATCH-20261004-124716,2026-10-04,SC
1812263_100Backstroke_SC_2026-06-13,1812263,Emil Faradzov,100 Backstroke,SC,01:35.27,95.27,01:36.10,130,2026-06-13,Clevedon ASC Summerset Sizzler,Weston Super Mare,SW260842,3,5.0.0-python,BATCH-20261004-124716,2026-10-04,SC
1812263_100Breaststroke_SC_2026-03-08,1812263,Emil Faradzov,100 Breaststroke,SC,01:56.83,116.83,01:57.90,105,2026-03-08,"Keynsham, Bristol & So Gloucestershire 6th Open",Weston-Super-Mare,SW260341,3,5.0.0-python,BATCH-20261004-124716,2026-10-04,SC
1812263_100Freestyle_SC_2026-06-27,1812263,Emil Faradzov,100 Freestyle,SC,01:26.00,86.0,01:27.00,141,2026-06-27,Burnham-on-Sea Super Six L3 Meet,Weston-Super-Mare,SW260527,3,5.0.0-python,BATCH-20261004-124716,2026-10-04,SC
1812263_50Backstroke_LC_2026-01-25,1812263,Emil Faradzov,50 Backstroke,LC,00:42.72,42.72,00:42.20,167,2026-01-25,Somerset ASA County Championships 2026,Street,SW260207,1,5.0.0-python,BATCH-20261004-124716,2026-10-04,LC
1812263_50Backstroke_SC_2026-06-13,1812263,Emil Faradzov,50 Backstroke,SC,00:42.30,42.3,00:42.80,142,2026-06-13,Clevedon ASC Summerset Sizzler,Weston Super Mare,SW260842,3,5.0.0-python,BATCH-20261004-124716,2026-10-04,SC
1812263_50Breaststroke_LC_2026-01-18,1812263,Emil Faradzov,50 Breaststroke,LC,00:53.31,53.31,00:52.70,115,2026-01-18,Somerset ASA County Championships 2026,Street,SW260206,1,5.0.0-python,BATCH-20261004-124716,2026-10-04,LC
1812263_50Breaststroke_SC_2026-06-14,1812263,Emil Faradzov,50 Breaststroke,SC,00:49.52,49.52,00:50.20,127,2026-06-14,Clevedon ASC Summerset Sizzler,Weston Super Mare,SW260842,3,5.0.0-python,BATCH-20261004-124716,2026-10-04,SC
1812263_50Freestyle_LC_2026-07-18,1812263,Emil Faradzov,50 Freestyle,LC,00:38.93,38.93,00:38.40,154,2026-07-18,City of Bristol L3 Long Course Summer Festival,Bristol,SW261489,3,5.0.0-python,BATCH-20261004-124716,2026-10-04,LC
1812263_50Freestyle_SC_2026-06-27,1812263,Emil Faradzov,50 Freestyle,SC,00:34.91,34.91,00:35.50,185,2026-06-27,Burnham-on-Sea Super Six L3 Meet,Weston-Super-Mare,SW260527,3,5.0.0-python,BATCH-20261004-124716,2026-10-04,SC
1696850_100Breaststroke_SC_2026-03-08,1696850,Emily Butcher,100 Breaststroke,SC,01:38.34,98.34,01:39.60,254,2026-03-08,"Keynsham, Bristol & So Gloucestershire 6th Open",Weston-Super-Mare,SW260341,3,5.0.0-python,BATCH-20261004-124716,2026-10-04,SC
1696850_100Butterfly_SC_2026-06-13,1696850,Emily Butcher,100 Butterfly,SC,01:26.78,86.78,01:27.70,224,2026-06-13,Clevedon ASC Summerset Sizzler,Weston Super Mare,SW260842,3,5.0.0-python,BATCH-20261004-124716,2026-10-04,SC
1696850_100Freestyle_LC_2026-07-18,1696850,Emily Butcher,100 Freestyle,LC,01:12.83,72.83,01:11.70,357,2026-07-18,City of Bristol L3 Long Course Summer Festival,Bristol,SW261489,3,5.0.0-python,BATCH-20261004-124716,2026-10-04,LC
1696850_100Freestyle_SC_2026-03-29,1696850,Emily Butcher,100 Freestyle,SC,01:11.35,71.35,01:12.50,349,2026-03-29,Yeovil District SC Spring Fling Open Meet,Street,SW260136,3,5.0.0-python,BATCH-20261004-124716,2026-10-04,SC
1696850_100IndividualMedley_SC_2026-06-27,1696850,Emily Butcher,100 Individual Medley,SC,01:25.88,85.88,01:25.90,264,2026-06-27,Burnham-on-Sea Super Six L3 Meet,Weston-Super-Mare,SW260527,3,5.0.0-python,BATCH-20261004-124716,2026-10-04,SC
1696850_200Freestyle_LC_2026-05-31,1696850,Emily Butcher,200 Freestyle,LC,02:41.70,161.7,02:39.50,334,2026-05-31,City of Wells Open Meet 2026,Stree,SW260753,3,5.0.0-python,BATCH-20261004-124716,2026-10-04,LC
1696850_200Freestyle_SC_2025-10-26,1696850,Emily Butcher,200 Freestyle,SC,02:34.16,154.16,02:36.40,366,2025-10-26,Co Bristol L3 SC Halloween Spooktacular 2025,Bristol,SW251781,3,5.0.0-python,BATCH-20261004-124716,2026-10-04,SC
1696850_200IndividualMedley_LC_2026-07-18,1696850,Emily Butcher,200 Individual Medley,LC,03:15.36,195.36,03:13.30,266,2026-07-18,City of Bristol L3 Long Course Summer Festival,Bristol,SW261489,3,5.0.0-python,BATCH-20261004-124716,2026-10-04,LC
1696850_200IndividualMedley_SC_2025-03-08,1696850,Emily Butcher,200 Individual Medley,SC,03:21.40,201.4,03:23.40,220,2025-03-08,Bristol PO & Keynsham Spring Open Meet 2025,Weston-Super-Mare,SW250391,3,5.0.0-python,BATCH-20261004-124716,2026-10-04,SC
1696850_400Freestyle_LC_2026-05-30,1696850,Emily Butcher,400 Freestyle,LC,05:43.45,343.45,05:39.30,316,2026-05-30,City of Wells Open Meet 2026,Stree,SW260753,3,5.0.0-python,BATCH-20261004-124716,2026-10-04,LC
1696850_400Freestyle_SC_2026-03-29,1696850,Emily Butcher,400 Freestyle,SC,05:33.60,333.6,05:37.80,328,2026-03-29,Yeovil District SC Spring Fling Open Meet,Street,SW260136,3,5.0.0-python,BATCH-20261004-124716,2026-10-04,SC
1696850_50Backstroke_LC_2024-07-21,1696850,Emily Butcher,50 Backstroke,LC,00:48.27,48.27,00:47.90,172,2024-07-21,City of Bristol L3 LC Summer Festival 2024,Bristol,SW240798,3,5.0.0-python,BATCH-20261004-124716,2026-10-04,LC
1696850_50Breaststroke_LC_2024-07-21,1696850,Emily Butcher,50 Breaststroke,LC,00:51.98,51.98,00:51.40,176,2024-07-21,City of Bristol L3 LC Summer Festival 2024,Bristol,SW240798,3,5.0.0-python,BATCH-20261004-124716,2026-10-04,LC
1696850_50Breaststroke_SC_2026-06-27,1696850,Emily Butcher,50 Breaststroke,SC,00:44.77,44.77,00:45.50,254,2026-06-27,Burnham-on-Sea Super Six L3 Meet,Weston-Super-Mare,SW260527,3,5.0.0-python,BATCH-20261004-124716,2026-10-04,SC
1696850_50Butterfly_LC_2026-05-31,1696850,Emily Butcher,50 Butterfly,LC,00:39.91,39.91,00:39.40,229,2026-05-31,City of Wells Open Meet 2026,Stree,SW260753,3,5.0.0-python,BATCH-20261004-124716,2026-10-04,LC
1696850_50Butterfly_SC_2026-06-27,1696850,Emily Butcher,50 Butterfly,SC,00:37.38,37.38,00:37.90,262,2026-06-27,Burnham-on-Sea Super Six L3 Meet,Weston-Super-Mare,SW260527,3,5.0.0-python,BATCH-20261004-124716,2026-10-04,SC
1696850_50Freestyle_LC_2026-05-30,1696850,Emily Butcher,50 Freestyle,LC,00:33.52,33.52,00:32.90,349,2026-05-30,City of Wells Open Meet 2026,Stree,SW260753,3,5.0.0-python,BATCH-20261004-124716,2026-10-04,LC
1696850_50Freestyle_SC_2025-10-26,1696850,Emily Butcher,50 Freestyle,SC,00:33.28,33.28,00:33.90,322,2025-10-26,Co Bristol L3 SC Halloween Spooktacular 2025,Bristol,SW251781,3,5.0.0-python,BATCH-20261004-124716,2026-10-04,SC
1696850_800Freestyle_SC_2025-11-15,1696850,Emily Butcher,800 Freestyle,SC,11:47.15,707.15,11:55.30,307,2025-11-15,Somerset ASA The John Bolton 2025,Street,SW252460,3,5.0.0-python,BATCH-20261004-124716,2026-10-04,SC
1756392_100Backstroke_LC_2026-07-18,1756392,Eva Allen,100 Backstroke,LC,01:26.42,86.42,01:25.50,288,2026-07-18,City of Bristol L3 Long Course Summer Festival,Bristol,SW261489,3,5.0.0-python,BATCH-20261004-124716,2026-10-04,LC
1756392_100Butterfly_LC_2026-01-18,1756392,Eva Allen,100 Butterfly,LC,01:32.99,92.99,01:32.20,202,2026-01-18,Somerset ASA County Championships 2026,Street,SW260206,1,5.0.0-python,BATCH-20261004-124716,2026-10-04,LC
1756392_100Butterfly_SC_2026-06-13,1756392,Eva Allen,100 Butterfly,SC,01:22.81,82.81,01:23.70,257,2026-06-13,Clevedon ASC Summerset Sizzler,Weston Super Mare,SW260842,3,5.0.0-python,BATCH-20261004-124716,2026-10-04,SC
1756392_100Freestyle_SC_2026-06-13,1756392,Eva Allen,100 Freestyle,SC,01:13.31,73.31,01:14.40,322,2026-06-13,Clevedon ASC Summerset Sizzler,Weston Super Mare,SW260842,3,5.0.0-python,BATCH-20261004-124716,2026-10-04,SC
1756392_100IndividualMedley_SC_2025-06-01,1756392,Eva Allen,100 Individual Medley,SC,01:32.06,92.06,01:32.10,214,2025-06-01,Severnside Tritons Ange Marling Memorial L3 2025,Weston Super Mare,SW250364,3,5.0.0-python,BATCH-20261004-124716,2026-10-04,SC
1756392_200Freestyle_SC_2026-03-28,1756392,Eva Allen,200 Freestyle,SC,02:45.77,165.77,02:47.90,294,2026-03-28,Yeovil District SC Spring Fling Open Meet,Street,SW260136,3,5.0.0-python,BATCH-20261004-124716,2026-10-04,SC
1756392_400Freestyle_LC_2026-07-18,1756392,Eva Allen,400 Freestyle,LC,05:56.37,356.37,05:52.40,283,2026-07-18,City of Bristol L3 Long Course Summer Festival,Bristol,SW261489,3,5.0.0-python,BATCH-20261004-124716,2026-10-04,LC
1756392_50Backstroke_SC_2026-06-27,1756392,Eva Allen,50 Backstroke,SC,00:38.55,38.55,00:39.10,280,2026-06-27,Burnham-on-Sea Super Six L3 Meet,Weston-Super-Mare,SW260527,3,5.0.0-python,BATCH-20261004-124716,2026-10-04,SC
1756392_50Breaststroke_SC_2025-06-01,1756392,Eva Allen,50 Breaststroke,SC,00:49.06,49.06,00:49.70,193,2025-06-01,Severnside Tritons Ange Marling Memorial L3 2025,Weston Super Mare,SW250364,3,5.0.0-python,BATCH-20261004-124716,2026-10-04,SC
1756392_50Butterfly_SC_2026-06-13,1756392,Eva Allen,50 Butterfly,SC,00:36.27,36.27,00:36.80,287,2026-06-13,Clevedon ASC Summerset Sizzler,Weston Super Mare,SW260842,3,5.0.0-python,BATCH-20261004-124716,2026-10-04,SC
1756392_50Freestyle_LC_2026-01-18,1756392,Eva Allen,50 Freestyle,LC,00:35.12,35.12,00:34.50,303,2026-01-18,Somerset ASA County Championships 2026,Street,SW260206,1,5.0.0-python,BATCH-20261004-124716,2026-10-04,LC
1756392_50Freestyle_SC_2026-06-27,1756392,Eva Allen,50 Freestyle,SC,00:33.99,33.99,00:34.60,303,2026-06-27,Burnham-on-Sea Super Six L3 Meet,Weston-Super-Mare,SW260527,3,5.0.0-python,BATCH-20261004-124716,2026-10-04,SC
1689728_100Backstroke_SC_2026-03-08,1689728,Felicity Thomas,100 Backstroke,SC,01:23.78,83.78,01:24.70,268,2026-03-08,"Keynsham, Bristol & So Gloucestershire 6th Open",Weston-Super-Mare,SW260341,3,5.0.0-python,BATCH-20261004-124716,2026-10-04,SC
1689728_100Breaststroke_SC_2025-11-29,1689728,Felicity Thomas,100 Breaststroke,SC,01:40.47,100.47,01:41.70,239,2025-11-29,Bristol & South Gloucs SC County Qualifier L3 2025,Weston-super-Mare,SW252042,3,5.0.0-python,BATCH-20261004-124716,2026-10-04,SC
1689728_100Butterfly_LC_2026-05-31,1689728,Felicity Thomas,100 Butterfly,LC,01:23.41,83.41,01:22.50,280,2026-05-31,City of Wells Open Meet 2026,Stree,SW260753,3,5.0.0-python,BATCH-20261004-124716,2026-10-04,LC
1689728_100Butterfly_SC_2026-06-13,1689728,Felicity Thomas,100 Butterfly,SC,01:22.64,82.64,01:23.60,259,2026-06-13,Clevedon ASC Summerset Sizzler,Weston Super Mare,SW260842,3,5.0.0-python,BATCH-20261004-124716,2026-10-04,SC
1689728_100Freestyle_SC_2025-12-06,1689728,Felicity Thomas,100 Freestyle,SC,01:15.47,75.47,01:16.60,295,2025-12-06,National Arena Swimming League Western 2025 R3 G2,Plymouth,SW252110,3,5.0.0-python,BATCH-20261004-124716,2026-10-04,SC
1689728_100IndividualMedley_SC_2026-06-13,1689728,Felicity Thomas,100 Individual Medley,SC,01:23.76,83.76,01:23.80,284,2026-06-13,Clevedon ASC Summerset Sizzler,Weston Super Mare,SW260842,3,5.0.0-python,BATCH-20261004-124716,2026-10-04,SC
1689728_200Breaststroke_LC_2024-07-20,1689728,Felicity Thomas,200 Breaststroke,LC,04:13.26,253.26,04:11.20,160,2024-07-20,City of Bristol L3 LC Summer Festival 2024,Bristol,SW240798,3,5.0.0-python,BATCH-20261004-124716,2026-10-04,LC
1689728_200Butterfly_LC_2026-05-30,1689728,Felicity Thomas,200 Butterfly,LC,03:21.46,201.46,03:19.90,221,2026-05-30,City of Wells Open Meet 2026,Stree,SW260753,3,5.0.0-python,BATCH-20261004-124716,2026-10-04,LC
1689728_200Butterfly_SC_2026-06-14,1689728,Felicity Thomas,200 Butterfly,SC,03:18.71,198.71,03:20.30,216,2026-06-14,Clevedon ASC Summerset Sizzler,Weston Super Mare,SW260842,3,5.0.0-python,BATCH-20261004-124716,2026-10-04,SC
1689728_200Freestyle_LC_2026-05-31,1689728,Felicity Thomas,200 Freestyle,LC,02:41.34,161.34,02:39.20,336,2026-05-31,City of Wells Open Meet 2026,Stree,SW260753,3,5.0.0-python,BATCH-20261004-124716,2026-10-04,LC
1689728_200Freestyle_SC_2026-03-08,1689728,Felicity Thomas,200 Freestyle,SC,02:38.39,158.39,02:40.60,337,2026-03-08,"Keynsham, Bristol & So Gloucestershire 6th Open",Weston-Super-Mare,SW260341,3,5.0.0-python,BATCH-20261004-124716,2026-10-04,SC
1689728_200IndividualMedley_LC_2026-05-30,1689728,Felicity Thomas,200 Individual Medley,LC,03:10.56,190.56,03:08.50,287,2026-05-30,City of Wells Open Meet 2026,Stree,SW260753,3,5.0.0-python,BATCH-20261004-124716,2026-10-04,LC
1689728_200IndividualMedley_SC_2025-12-14,1689728,Felicity Thomas,200 Individual Medley,SC,03:04.74,184.74,03:06.90,285,2025-12-14,Yeovil & District Christmas L3 Open Meet 2025,Street,SW251600,3,5.0.0-python,BATCH-20261004-124716,2026-10-04,SC
1689728_400IndividualMedley_SC_2026-06-14,1689728,Felicity Thomas,400 Individual Medley,SC,06:36.51,396.51,06:40.90,267,2026-06-14,Clevedon ASC Summerset Sizzler,Weston Super Mare,SW260842,3,5.0.0-python,BATCH-20261004-124716,2026-10-04,SC
1689728_50Backstroke_SC_2026-03-08,1689728,Felicity Thomas,50 Backstroke,SC,00:38.17,38.17,00:38.70,288,2026-03-08,"Keynsham, Bristol & So Gloucestershire 6th Open",Weston-Super-Mare,SW260341,3,5.0.0-python,BATCH-20261004-124716,2026-10-04,SC
1689728_50Breaststroke_LC_2026-05-31,1689728,Felicity Thomas,50 Breaststroke,LC,00:46.42,46.42,00:45.70,247,2026-05-31,City of Wells Open Meet 2026,Stree,SW260753,3,5.0.0-python,BATCH-20261004-124716,2026-10-04,LC
1689728_50Breaststroke_SC_2026-03-07,1689728,Felicity Thomas,50 Breaststroke,SC,00:44.60,44.6,00:45.30,257,2026-03-07,"Keynsham, Bristol & So Gloucestershire 6th Open",Weston-Super-Mare,SW260341,3,5.0.0-python,BATCH-20261004-124716,2026-10-04,SC
1689728_50Butterfly_LC_2026-01-25,1689728,Felicity Thomas,50 Butterfly,LC,00:37.80,37.8,00:37.30,269,2026-01-25,Somerset ASA County Championships 2026,Street,SW260207,1,5.0.0-python,BATCH-20261004-124716,2026-10-04,LC
1689728_50Butterfly_SC_2026-03-07,1689728,Felicity Thomas,50 Butterfly,SC,00:36.29,36.29,00:36.80,287,2026-03-07,"Keynsham, Bristol & So Gloucestershire 6th Open",Weston-Super-Mare,SW260341,3,5.0.0-python,BATCH-20261004-124716,2026-10-04,SC
1689728_50Freestyle_LC_2026-05-30,1689728,Felicity Thomas,50 Freestyle,LC,00:32.92,32.92,00:32.30,368,2026-05-30,City of Wells Open Meet 2026,Stree,SW260753,3,5.0.0-python,BATCH-20261004-124716,2026-10-04,LC
1689728_50Freestyle_SC_2026-03-08,1689728,Felicity Thomas,50 Freestyle,SC,00:32.71,32.71,00:33.30,339,2026-03-08,"Keynsham, Bristol & So Gloucestershire 6th Open",Weston-Super-Mare,SW260341,3,5.0.0-python,BATCH-20261004-124716,2026-10-04,SC
1689728_800Freestyle_SC_2025-11-15,1689728,Felicity Thomas,800 Freestyle,SC,12:00.26,720.26,12:08.30,291,2025-11-15,Somerset ASA The John Bolton 2025,Street,SW252460,3,5.0.0-python,BATCH-20261004-124716,2026-10-04,SC
1818396_100Backstroke_LC_2026-01-25,1818396,Francesca Flack,100 Backstroke,LC,01:19.94,79.94,01:18.90,365,2026-01-25,Somerset ASA County Championships 2026,Street,SW260207,1,5.0.0-python,BATCH-20261004-124716,2026-10-04,LC
1818396_100Backstroke_SC_2026-03-08,1818396,Francesca Flack,100 Backstroke,SC,01:15.13,75.13,01:16.20,371,2026-03-08,"Keynsham, Bristol & So Gloucestershire 6th Open",Weston-Super-Mare,SW260341,3,5.0.0-python,BATCH-20261004-124716,2026-10-04,SC
1818396_100Butterfly_SC_2026-03-28,1818396,Francesca Flack,100 Butterfly,SC,01:20.05,80.05,01:21.00,285,2026-03-28,Yeovil District SC Spring Fling Open Meet,Street,SW260136,3,5.0.0-python,BATCH-20261004-124716,2026-10-04,SC
1818396_100Freestyle_LC_2026-07-18,1818396,Francesca Flack,100 Freestyle,LC,01:10.25,70.25,01:09.00,398,2026-07-18,City of Bristol L3 Long Course Summer Festival,Bristol,SW261489,3,5.0.0-python,BATCH-20261004-124716,2026-10-04,LC
1818396_100Freestyle_SC_2026-03-29,1818396,Francesca Flack,100 Freestyle,SC,01:07.06,67.06,01:08.30,420,2026-03-29,Yeovil District SC Spring Fling Open Meet,Street,SW260136,3,5.0.0-python,BATCH-20261004-124716,2026-10-04,SC
1818396_100IndividualMedley_SC_2026-09-19,1818396,Francesca Flack,100 Individual Medley,SC,01:17.74,77.74,01:17.70,356,2026-09-19,Somerset ASA County Relay Team & 100m IM 1Dayer,"Street, Somerset",SW261687,2,5.0.0-python,BATCH-20261004-124716,2026-10-04,SC
1818396_200Backstroke_LC_2026-07-19,1818396,Francesca Flack,200 Backstroke,LC,02:51.27,171.27,02:49.30,371,2026-07-19,City of Bristol L3 Long Course Summer Festival,Bristol,SW261489,3,5.0.0-python,BATCH-20261004-124716,2026-10-04,LC
1818396_200Backstroke_SC_2026-03-29,1818396,Francesca Flack,200 Backstroke,SC,02:41.74,161.74,02:43.80,388,2026-03-29,Yeovil District SC Spring Fling Open Meet,Street,SW260136,3,5.0.0-python,BATCH-20261004-124716,2026-10-04,SC
1818396_200Freestyle_LC_2026-07-19,1818396,Francesca Flack,200 Freestyle,LC,02:37.43,157.43,02:35.20,362,2026-07-19,City of Bristol L3 Long Course Summer Festival,Bristol,SW261489,3,5.0.0-python,BATCH-20261004-124716,2026-10-04,LC
1818396_200Freestyle_SC_2026-03-08,1818396,Francesca Flack,200 Freestyle,SC,02:28.33,148.33,02:30.70,411,2026-03-08,"Keynsham, Bristol & So Gloucestershire 6th Open",Weston-Super-Mare,SW260341,3,5.0.0-python,BATCH-20261004-124716,2026-10-04,SC
1818396_200IndividualMedley_LC_2025-07-19,1818396,Francesca Flack,200 Individual Medley,LC,03:02.65,182.65,03:00.50,325,2025-07-19,City of Bristol SC L3 Long Course Summer Festival,Bristol,SW250631,3,5.0.0-python,BATCH-20261004-124716,2026-10-04,LC
1818396_200IndividualMedley_SC_2026-03-29,1818396,Francesca Flack,200 Individual Medley,SC,02:48.47,168.47,02:50.80,376,2026-03-29,Yeovil District SC Spring Fling Open Meet,Street,SW260136,3,5.0.0-python,BATCH-20261004-124716,2026-10-04,SC
1818396_400Freestyle_LC_2026-07-18,1818396,Francesca Flack,400 Freestyle,LC,05:39.55,339.55,05:35.40,328,2026-07-18,City of Bristol L3 Long Course Summer Festival,Bristol,SW261489,3,5.0.0-python,BATCH-20261004-124716,2026-10-04,LC
1818396_400Freestyle_SC_2026-06-13,1818396,Francesca Flack,400 Freestyle,SC,05:23.63,323.63,05:27.90,360,2026-06-13,Clevedon ASC Summerset Sizzler,Weston Super Mare,SW260842,3,5.0.0-python,BATCH-20261004-124716,2026-10-04,SC
1818396_50Backstroke_LC_2026-01-24,1818396,Francesca Flack,50 Backstroke,LC,00:35.36,35.36,00:34.80,438,2026-01-24,Somerset ASA County Championships 2026,Street,SW260207,1,5.0.0-python,BATCH-20261004-124716,2026-10-04,LC
1818396_50Backstroke_SC_2026-06-14,1818396,Francesca Flack,50 Backstroke,SC,00:34.64,34.64,00:35.20,386,2026-06-14,Clevedon ASC Summerset Sizzler,Weston Super Mare,SW260842,3,5.0.0-python,BATCH-20261004-124716,2026-10-04,SC
1818396_50Breaststroke_SC_2026-06-27,1818396,Francesca Flack,50 Breaststroke,SC,00:42.98,42.98,00:43.70,287,2026-06-27,Burnham-on-Sea Super Six L3 Meet,Weston-Super-Mare,SW260527,3,5.0.0-python,BATCH-20261004-124716,2026-10-04,SC
1818396_50Butterfly_LC_2026-01-25,1818396,Francesca Flack,50 Butterfly,LC,00:34.03,34.03,00:33.50,369,2026-01-25,Somerset ASA County Championships 2026,Street,SW260207,1,5.0.0-python,BATCH-20261004-124716,2026-10-04,LC
1818396_50Butterfly_SC_2026-03-07,1818396,Francesca Flack,50 Butterfly,SC,00:32.94,32.94,00:33.50,383,2026-03-07,"Keynsham, Bristol & So Gloucestershire 6th Open",Weston-Super-Mare,SW260341,3,5.0.0-python,BATCH-20261004-124716,2026-10-04,SC
1818396_50Freestyle_LC_2026-01-18,1818396,Francesca Flack,50 Freestyle,LC,00:30.66,30.66,00:30.00,456,2026-01-18,Somerset ASA County Championships 2026,Street,SW260206,1,5.0.0-python,BATCH-20261004-124716,2026-10-04,LC
1818396_50Freestyle_SC_2025-10-26,1818396,Francesca Flack,50 Freestyle,SC,00:30.36,30.36,00:31.00,425,2025-10-26,Co Bristol L3 SC Halloween Spooktacular 2025,Bristol,SW251781,3,5.0.0-python,BATCH-20261004-124716,2026-10-04,SC
1721977_100Backstroke_SC_2026-03-07,1721977,Freddie Marshall,100 Backstroke,SC,01:25.92,85.92,01:26.90,177,2026-03-07,"Keynsham, Bristol & So Gloucestershire 6th Open",Weston-Super-Mare,SW260341,3,5.0.0-python,BATCH-20261004-124716,2026-10-04,SC
1721977_100Breaststroke_LC_2026-07-19,1721977,Freddie Marshall,100 Breaststroke,LC,01:42.54,102.54,01:41.30,170,2026-07-19,City of Bristol L3 Long Course Summer Festival,Bristol,SW261489,3,5.0.0-python,BATCH-20261004-124716,2026-10-04,LC
1721977_100Breaststroke_SC_2025-11-29,1721977,Freddie Marshall,100 Breaststroke,SC,01:46.58,106.58,01:47.80,139,2025-11-29,Bristol & South Gloucs SC County Qualifier L3 2025,Weston-super-Mare,SW252042,3,5.0.0-python,BATCH-20261004-124716,2026-10-04,SC
1721977_100Butterfly_LC_2026-01-18,1721977,Freddie Marshall,100 Butterfly,LC,01:37.50,97.5,01:36.70,130,2026-01-18,Somerset ASA County Championships 2026,Street,SW260206,1,5.0.0-python,BATCH-20261004-124716,2026-10-04,LC
1721977_100Butterfly_SC_2025-10-11,1721977,Freddie Marshall,100 Butterfly,SC,01:36.62,96.62,01:37.40,120,2025-10-11,National Arena Swimming League Western 2025 R1 G2,Newport,SW252096,3,5.0.0-python,BATCH-20261004-124716,2026-10-04,SC
1721977_100Freestyle_LC_2026-07-19,1721977,Freddie Marshall,100 Freestyle,LC,01:10.05,70.05,01:08.80,290,2026-07-19,City of Bristol L3 Long Course Summer Festival,Bristol,SW261489,3,5.0.0-python,BATCH-20261004-124716,2026-10-04,LC
1721977_100Freestyle_SC_2026-06-27,1721977,Freddie Marshall,100 Freestyle,SC,01:09.15,69.15,01:10.40,272,2026-06-27,Burnham-on-Sea Super Six L3 Meet,Weston-Super-Mare,SW260527,3,5.0.0-python,BATCH-20261004-124716,2026-10-04,SC
1721977_100IndividualMedley_SC_2026-06-27,1721977,Freddie Marshall,100 Individual Medley,SC,01:19.69,79.69,01:19.70,236,2026-06-27,Burnham-on-Sea Super Six L3 Meet,Weston-Super-Mare,SW260527,3,5.0.0-python,BATCH-20261004-124716,2026-10-04,SC
1721977_200Butterfly_LC_2026-07-18,1721977,Freddie Marshall,200 Butterfly,LC,03:19.09,199.09,03:17.50,170,2026-07-18,City of Bristol L3 Long Course Summer Festival,Bristol,SW261489,3,5.0.0-python,BATCH-20261004-124716,2026-10-04,LC
1721977_200Freestyle_LC_2026-02-08,1721977,Freddie Marshall,200 Freestyle,LC,02:45.79,165.79,02:43.70,232,2026-02-08,Somerset ASA County Championships 2026,Street,SW260208,1,5.0.0-python,BATCH-20261004-124716,2026-10-04,LC
1721977_200Freestyle_SC_2026-06-13,1721977,Freddie Marshall,200 Freestyle,SC,02:35.90,155.9,02:38.10,253,2026-06-13,Clevedon ASC Summerset Sizzler,Weston Super Mare,SW260842,3,5.0.0-python,BATCH-20261004-124716,2026-10-04,SC
1721977_200IndividualMedley_LC_2026-07-19,1721977,Freddie Marshall,200 Individual Medley,LC,02:56.94,176.94,02:54.70,258,2026-07-19,City of Bristol L3 Long Course Summer Festival,Bristol,SW261489,3,5.0.0-python,BATCH-20261004-124716,2026-10-04,LC
1721977_200IndividualMedley_SC_2026-06-14,1721977,Freddie Marshall,200 Individual Medley,SC,03:01.80,181.8,03:04.00,214,2026-06-14,Clevedon ASC Summerset Sizzler,Weston Super Mare,SW260842,3,5.0.0-python,BATCH-20261004-124716,2026-10-04,SC
1721977_50Backstroke_LC_2026-07-18,1721977,Freddie Marshall,50 Backstroke,LC,00:37.59,37.59,00:37.10,245,2026-07-18,City of Bristol L3 Long Course Summer Festival,Bristol,SW261489,3,5.0.0-python,BATCH-20261004-124716,2026-10-04,LC
1721977_50Backstroke_SC_2026-06-27,1721977,Freddie Marshall,50 Backstroke,SC,00:38.21,38.21,00:38.70,193,2026-06-27,Burnham-on-Sea Super Six L3 Meet,Weston-Super-Mare,SW260527,3,5.0.0-python,BATCH-20261004-124716,2026-10-04,SC
1721977_50Breaststroke_SC_2026-06-27,1721977,Freddie Marshall,50 Breaststroke,SC,00:45.80,45.8,00:46.50,161,2026-06-27,Burnham-on-Sea Super Six L3 Meet,Weston-Super-Mare,SW260527,3,5.0.0-python,BATCH-20261004-124716,2026-10-04,SC
1721977_50Butterfly_LC_2026-02-07,1721977,Freddie Marshall,50 Butterfly,LC,00:37.46,37.46,00:36.90,210,2026-02-07,Somerset ASA County Championships 2026,Street,SW260208,1,5.0.0-python,BATCH-20261004-124716,2026-10-04,LC
1721977_50Butterfly_SC_2026-06-14,1721977,Freddie Marshall,50 Butterfly,SC,00:36.76,36.76,00:37.30,195,2026-06-14,Clevedon ASC Summerset Sizzler,Weston Super Mare,SW260842,3,5.0.0-python,BATCH-20261004-124716,2026-10-04,SC
1721977_50Freestyle_LC_2026-07-18,1721977,Freddie Marshall,50 Freestyle,LC,00:32.35,32.35,00:31.70,270,2026-07-18,City of Bristol L3 Long Course Summer Festival,Bristol,SW261489,3,5.0.0-python,BATCH-20261004-124716,2026-10-04,LC
1721977_50Freestyle_SC_2026-06-27,1721977,Freddie Marshall,50 Freestyle,SC,00:31.96,31.96,00:32.60,241,2026-06-27,Burnham-on-Sea Super Six L3 Meet,Weston-Super-Mare,SW260527,3,5.0.0-python,BATCH-20261004-124716,2026-10-04,SC
1812258_100Butterfly_SC_2026-06-13,1812258,Freya Godfrey,100 Butterfly,SC,01:48.13,108.13,01:48.80,115,2026-06-13,Clevedon ASC Summerset Sizzler,Weston Super Mare,SW260842,3,5.0.0-python,BATCH-20261004-124716,2026-10-04,SC
1812258_100Freestyle_SC_2026-06-13,1812258,Freya Godfrey,100 Freestyle,SC,01:25.67,85.67,01:26.60,201,2026-06-13,Clevedon ASC Summerset Sizzler,Weston Super Mare,SW260842,3,5.0.0-python,BATCH-20261004-124716,2026-10-04,SC
1812258_100IndividualMedley_SC_2026-06-13,1812258,Freya Godfrey,100 Individual Medley,SC,01:36.80,96.8,01:36.80,184,2026-06-13,Clevedon ASC Summerset Sizzler,Weston Super Mare,SW260842,3,5.0.0-python,BATCH-20261004-124716,2026-10-04,SC
1812258_200Backstroke_SC_2026-06-13,1812258,Freya Godfrey,200 Backstroke,SC,03:25.47,205.47,03:27.10,189,2026-06-13,Clevedon ASC Summerset Sizzler,Weston Super Mare,SW260842,3,5.0.0-python,BATCH-20261004-124716,2026-10-04,SC
1812258_50Backstroke_SC_2025-09-27,1812258,Freya Godfrey,50 Backstroke,SC,00:48.81,48.81,00:49.20,138,2025-09-27,Somerset ASA County Development Meet 2025,Street,SW251827,3,5.0.0-python,BATCH-20261004-124716,2026-10-04,SC
1812258_50Freestyle_SC_2025-09-27,1812258,Freya Godfrey,50 Freestyle,SC,00:44.82,44.82,00:45.30,132,2025-09-27,Somerset ASA County Development Meet 2025,Street,SW251827,3,5.0.0-python,BATCH-20261004-124716,2026-10-04,SC
1785662_100Backstroke_SC_2025-07-06,1785662,Freya Hoare,100 Backstroke,SC,01:52.01,112.01,01:52.70,112,2025-07-06,Clevedon ASC Summerset Sizzler Level 3 Meet,Weston Super Mare,SW250237,3,5.0.0-python,BATCH-20261004-124716,2026-10-04,SC
1785662_100Breaststroke_SC_2025-03-08,1785662,Freya Hoare,100 Breaststroke,SC,02:29.44,149.44,02:30.30,72,2025-03-08,Bristol PO & Keynsham Spring Open Meet 2025,Weston-Super-Mare,SW250391,3,5.0.0-python,BATCH-20261004-124716,2026-10-04,SC
1785662_100Freestyle_SC_2026-03-07,1785662,Freya Hoare,100 Freestyle,SC,01:32.31,92.31,01:33.20,161,2026-03-07,"Keynsham, Bristol & So Gloucestershire 6th Open",Weston-Super-Mare,SW260341,3,5.0.0-python,BATCH-20261004-124716,2026-10-04,SC
1785662_100IndividualMedley_SC_2026-06-27,1785662,Freya Hoare,100 Individual Medley,SC,01:41.96,101.96,01:42.00,157,2026-06-27,Burnham-on-Sea Super Six L3 Meet,Weston-Super-Mare,SW260527,3,5.0.0-python,BATCH-20261004-124716,2026-10-04,SC
1785662_200Freestyle_SC_2026-06-14,1785662,Freya Hoare,200 Freestyle,SC,03:29.30,209.3,03:31.00,146,2026-06-14,Clevedon ASC Summerset Sizzler,Weston Super Mare,SW260842,3,5.0.0-python,BATCH-20261004-124716,2026-10-04,SC
1785662_50Backstroke_SC_2026-06-14,1785662,Freya Hoare,50 Backstroke,SC,00:45.87,45.87,00:46.30,166,2026-06-14,Clevedon ASC Summerset Sizzler,Weston Super Mare,SW260842,3,5.0.0-python,BATCH-20261004-124716,2026-10-04,SC
1785662_50Breaststroke_SC_2026-06-27,1785662,Freya Hoare,50 Breaststroke,SC,00:57.99,57.99,00:58.50,117,2026-06-27,Burnham-on-Sea Super Six L3 Meet,Weston-Super-Mare,SW260527,3,5.0.0-python,BATCH-20261004-124716,2026-10-04,SC
1785662_50Butterfly_SC_2026-03-07,1785662,Freya Hoare,50 Butterfly,SC,00:48.22,48.22,00:48.60,122,2026-03-07,"Keynsham, Bristol & So Gloucestershire 6th Open",Weston-Super-Mare,SW260341,3,5.0.0-python,BATCH-20261004-124716,2026-10-04,SC
1785662_50Freestyle_SC_2026-06-27,1785662,Freya Hoare,50 Freestyle,SC,00:40.94,40.94,00:41.40,173,2026-06-27,Burnham-on-Sea Super Six L3 Meet,Weston-Super-Mare,SW260527,3,5.0.0-python,BATCH-20261004-124716,2026-10-04,SC
1831166_100Freestyle_SC_2025-09-27,1831166,Holly Butterfield,100 Freestyle,SC,01:35.20,95.2,01:36.10,147,2025-09-27,Somerset ASA County Development Meet 2025,Street,SW251827,3,5.0.0-python,BATCH-20261004-124716,2026-10-04,SC
1831166_100IndividualMedley_SC_2026-06-27,1831166,Holly Butterfield,100 Individual Medley,SC,01:36.06,96.06,01:36.10,188,2026-06-27,Burnham-on-Sea Super Six L3 Meet,Weston-Super-Mare,SW260527,3,5.0.0-python,BATCH-20261004-124716,2026-10-04,SC
1831166_50Backstroke_SC_2025-09-27,1831166,Holly Butterfield,50 Backstroke,SC,00:44.58,44.58,00:45.00,181,2025-09-27,Somerset ASA County Development Meet 2025,Street,SW251827,3,5.0.0-python,BATCH-20261004-124716,2026-10-04,SC
1831166_50Breaststroke_SC_2026-06-27,1831166,Holly Butterfield,50 Breaststroke,SC,00:50.08,50.08,00:50.70,181,2026-06-27,Burnham-on-Sea Super Six L3 Meet,Weston-Super-Mare,SW260527,3,5.0.0-python,BATCH-20261004-124716,2026-10-04,SC
1831166_50Freestyle_SC_2026-06-14,1831166,Holly Butterfield,50 Freestyle,SC,00:34.91,34.91,00:35.50,279,2026-06-14,Clevedon ASC Summerset Sizzler,Weston Super Mare,SW260842,3,5.0.0-python,BATCH-20261004-124716,2026-10-04,SC
1756425_100Breaststroke_LC_2026-05-30,1756425,Imogen Segal,100 Breaststroke,LC,01:40.84,100.84,01:39.60,257,2026-05-30,City of Wells Open Meet 2026,Stree,SW260753,3,5.0.0-python,BATCH-20261004-124716,2026-10-04,LC
1756425_100Breaststroke_SC_2026-03-28,1756425,Imogen Segal,100 Breaststroke,SC,01:36.35,96.35,01:37.70,271,2026-03-28,Yeovil District SC Spring Fling Open Meet,Street,SW260136,3,5.0.0-python,BATCH-20261004-124716,2026-10-04,SC
1756425_100Freestyle_SC_2024-11-24,1756425,Imogen Segal,100 Freestyle,SC,01:39.51,99.51,01:40.40,128,2024-11-24,Keynsham & Bristol Penguin Autumn L3 Open Meet 24,Bristol,SW242255,3,5.0.0-python,BATCH-20261004-124716,2026-10-04,SC
1756425_100IndividualMedley_SC_2026-06-27,1756425,Imogen Segal,100 Individual Medley,SC,01:32.99,92.99,01:33.00,208,2026-06-27,Burnham-on-Sea Super Six L3 Meet,Weston-Super-Mare,SW260527,3,5.0.0-python,BATCH-20261004-124716,2026-10-04,SC
1756425_200Breaststroke_SC_2026-06-14,1756425,Imogen Segal,200 Breaststroke,SC,03:32.36,212.36,03:34.80,242,2026-06-14,Clevedon ASC Summerset Sizzler,Weston Super Mare,SW260842,3,5.0.0-python,BATCH-20261004-124716,2026-10-04,SC
1756425_50Breaststroke_LC_2026-02-07,1756425,Imogen Segal,50 Breaststroke,LC,00:46.32,46.32,00:45.60,249,2026-02-07,Somerset ASA County Championships 2026,Street,SW260208,1,5.0.0-python,BATCH-20261004-124716,2026-10-04,LC
1756425_50Breaststroke_SC_2025-10-26,1756425,Imogen Segal,50 Breaststroke,SC,00:44.69,44.69,00:45.40,255,2025-10-26,Co Bristol L3 SC Halloween Spooktacular 2025,Bristol,SW251781,3,5.0.0-python,BATCH-20261004-124716,2026-10-04,SC
1756425_50Freestyle_SC_2025-10-26,1756425,Imogen Segal,50 Freestyle,SC,00:38.45,38.45,00:39.00,209,2025-10-26,Co Bristol L3 SC Halloween Spooktacular 2025,Bristol,SW251781,3,5.0.0-python,BATCH-20261004-124716,2026-10-04,SC
1640617_100Backstroke_LC_2026-01-25,1640617,Jessica Waller,100 Backstroke,LC,01:23.44,83.44,01:22.50,320,2026-01-25,Somerset ASA County Championships 2026,Street,SW260207,1,5.0.0-python,BATCH-20261004-124716,2026-10-04,LC
1640617_100Backstroke_SC_2025-11-30,1640617,Jessica Waller,100 Backstroke,SC,01:18.68,78.68,01:19.70,323,2025-11-30,Bristol & South Gloucs SC County Qualifier L3 2025,Weston-super-Mare,SW252042,3,5.0.0-python,BATCH-20261004-124716,2026-10-04,SC
1640617_100Breaststroke_SC_2025-12-13,1640617,Jessica Waller,100 Breaststroke,SC,01:29.98,89.98,01:31.40,332,2025-12-13,Yeovil & District Christmas L3 Open Meet 2025,Street,SW251600,3,5.0.0-python,BATCH-20261004-124716,2026-10-04,SC
1640617_100Butterfly_SC_2025-10-26,1640617,Jessica Waller,100 Butterfly,SC,01:18.45,78.45,01:19.40,303,2025-10-26,Co Bristol L3 SC Halloween Spooktacular 2025,Bristol,SW251781,3,5.0.0-python,BATCH-20261004-124716,2026-10-04,SC
1640617_100Freestyle_LC_2026-07-18,1640617,Jessica Waller,100 Freestyle,LC,01:07.28,67.28,01:06.00,454,2026-07-18,City of Bristol L3 Long Course Summer Festival,Bristol,SW261489,3,5.0.0-python,BATCH-20261004-124716,2026-10-04,LC
1640617_100Freestyle_SC_2026-06-27,1640617,Jessica Waller,100 Freestyle,SC,01:04.69,64.69,01:06.00,468,2026-06-27,Burnham-on-Sea Super Six L3 Meet,Weston-Super-Mare,SW260527,3,5.0.0-python,BATCH-20261004-124716,2026-10-04,SC
1640617_100IndividualMedley_SC_2025-10-19,1640617,Jessica Waller,100 Individual Medley,SC,01:17.01,77.01,01:17.00,366,2025-10-19,Somerset ASA County Relay Team & 100m IM Day 2025,Street,SW252040,2,5.0.0-python,BATCH-20261004-124716,2026-10-04,SC
1640617_200Backstroke_LC_2026-05-31,1640617,Jessica Waller,200 Backstroke,LC,02:55.83,175.83,02:53.90,343,2026-05-31,City of Wells Open Meet 2026,Stree,SW260753,3,5.0.0-python,BATCH-20261004-124716,2026-10-04,LC
1640617_200Backstroke_SC_2025-12-14,1640617,Jessica Waller,200 Backstroke,SC,02:46.72,166.72,02:48.70,354,2025-12-14,Yeovil & District Christmas L3 Open Meet 2025,Street,SW251600,3,5.0.0-python,BATCH-20261004-124716,2026-10-04,SC
1640617_200Breaststroke_SC_2023-10-01,1640617,Jessica Waller,200 Breaststroke,SC,03:35.49,215.49,03:37.90,232,2023-10-01,Somerset ASA Development Meet 2023,Millfield,SW231748,3,5.0.0-python,BATCH-20261004-124716,2026-10-04,SC
1640617_200Freestyle_SC_2025-12-13,1640617,Jessica Waller,200 Freestyle,SC,02:25.52,145.52,02:27.90,435,2025-12-13,Yeovil & District Christmas L3 Open Meet 2025,Street,SW251600,3,5.0.0-python,BATCH-20261004-124716,2026-10-04,SC
1640617_200IndividualMedley_LC_2026-01-25,1640617,Jessica Waller,200 Individual Medley,LC,02:53.16,173.16,02:50.90,382,2026-01-25,Somerset ASA County Championships 2026,Street,SW260207,1,5.0.0-python,BATCH-20261004-124716,2026-10-04,LC
1640617_200IndividualMedley_SC_2025-07-05,1640617,Jessica Waller,200 Individual Medley,SC,02:51.00,171.0,02:53.30,359,2025-07-05,Clevedon ASC Summerset Sizzler Level 3 Meet,Weston Super Mare,SW250237,3,5.0.0-python,BATCH-20261004-124716,2026-10-04,SC
1640617_400Freestyle_SC_2026-03-07,1640617,Jessica Waller,400 Freestyle,SC,05:17.24,317.24,05:21.60,382,2026-03-07,"Keynsham, Bristol & So Gloucestershire 6th Open",Weston-Super-Mare,SW260341,3,5.0.0-python,BATCH-20261004-124716,2026-10-04,SC
1640617_400IndividualMedley_LC_2026-05-31,1640617,Jessica Waller,400 Individual Medley,LC,06:21.96,381.96,06:17.30,328,2026-05-31,City of Wells Open Meet 2026,Stree,SW260753,3,5.0.0-python,BATCH-20261004-124716,2026-10-04,LC
1640617_400IndividualMedley_SC_2025-07-06,1640617,Jessica Waller,400 Individual Medley,SC,06:10.10,370.1,06:14.80,328,2025-07-06,Clevedon ASC Summerset Sizzler Level 3 Meet,Weston Super Mare,SW250237,3,5.0.0-python,BATCH-20261004-124716,2026-10-04,SC
1640617_50Backstroke_LC_2025-01-19,1640617,Jessica Waller,50 Backstroke,LC,00:38.11,38.11,00:37.60,350,2025-01-19,2025 Somerset ASA County Championships,Millfield,SW250187,1,5.0.0-python,BATCH-20261004-124716,2026-10-04,LC
1640617_50Backstroke_SC_2024-12-15,1640617,Jessica Waller,50 Backstroke,SC,00:36.29,36.29,00:36.80,336,2024-12-15,Yeovil & District Christmas Open Meet 2024,Millfield,SW241029,3,5.0.0-python,BATCH-20261004-124716,2026-10-04,SC
1640617_50Breaststroke_LC_2025-01-25,1640617,Jessica Waller,50 Breaststroke,LC,00:44.07,44.07,00:43.30,289,2025-01-25,2025 Somerset ASA County Championships,Millfield,SW250188,1,5.0.0-python,BATCH-20261004-124716,2026-10-04,LC
1640617_50Breaststroke_SC_2025-10-26,1640617,Jessica Waller,50 Breaststroke,SC,00:42.65,42.65,00:43.40,294,2025-10-26,Co Bristol L3 SC Halloween Spooktacular 2025,Bristol,SW251781,3,5.0.0-python,BATCH-20261004-124716,2026-10-04,SC
1640617_50Butterfly_LC_2026-05-31,1640617,Jessica Waller,50 Butterfly,LC,00:34.82,34.82,00:34.30,345,2026-05-31,City of Wells Open Meet 2026,Stree,SW260753,3,5.0.0-python,BATCH-20261004-124716,2026-10-04,LC
1640617_50Butterfly_SC_2025-11-29,1640617,Jessica Waller,50 Butterfly,SC,00:34.51,34.51,00:35.10,333,2025-11-29,Bristol & South Gloucs SC County Qualifier L3 2025,Weston-super-Mare,SW252042,3,5.0.0-python,BATCH-20261004-124716,2026-10-04,SC
1640617_50Freestyle_LC_2026-05-30,1640617,Jessica Waller,50 Freestyle,LC,00:30.96,30.96,00:30.30,443,2026-05-30,City of Wells Open Meet 2026,Stree,SW260753,3,5.0.0-python,BATCH-20261004-124716,2026-10-04,LC
1640617_50Freestyle_SC_2026-06-27,1640617,Jessica Waller,50 Freestyle,SC,00:29.84,29.84,00:30.50,447,2026-06-27,Burnham-on-Sea Super Six L3 Meet,Weston-Super-Mare,SW260527,3,5.0.0-python,BATCH-20261004-124716,2026-10-04,SC
1640617_800Freestyle_SC_2025-11-15,1640617,Jessica Waller,800 Freestyle,SC,11:10.43,670.43,11:19.00,361,2025-11-15,Somerset ASA The John Bolton 2025,Street,SW252460,3,5.0.0-python,BATCH-20261004-124716,2026-10-04,SC
1678924_100Breaststroke_LC_2026-05-30,1678924,Lola Tembey Barnard,100 Breaststroke,LC,01:32.58,92.58,01:31.20,332,2026-05-30,City of Wells Open Meet 2026,Stree,SW260753,3,5.0.0-python,BATCH-20261004-124716,2026-10-04,LC
1678924_100Breaststroke_SC_2026-03-28,1678924,Lola Tembey Barnard,100 Breaststroke,SC,01:30.34,90.34,01:31.70,328,2026-03-28,Yeovil District SC Spring Fling Open Meet,Street,SW260136,3,5.0.0-python,BATCH-20261004-124716,2026-10-04,SC
1678924_100Butterfly_SC_2025-11-08,1678924,Lola Tembey Barnard,100 Butterfly,SC,01:33.47,93.47,01:34.30,179,2025-11-08,National Arena Swimming League Western 2025 R2 G2,Weston Super Mare,SW252100,3,5.0.0-python,BATCH-20261004-124716,2026-10-04,SC
1678924_100Freestyle_SC_2026-03-29,1678924,Lola Tembey Barnard,100 Freestyle,SC,01:11.14,71.14,01:12.30,352,2026-03-29,Yeovil District SC Spring Fling Open Meet,Street,SW260136,3,5.0.0-python,BATCH-20261004-124716,2026-10-04,SC
1678924_100IndividualMedley_SC_2026-06-13,1678924,Lola Tembey Barnard,100 Individual Medley,SC,01:18.62,78.62,01:18.60,344,2026-06-13,Clevedon ASC Summerset Sizzler,Weston Super Mare,SW260842,3,5.0.0-python,BATCH-20261004-124716,2026-10-04,SC
1678924_200Freestyle_SC_2025-11-29,1678924,Lola Tembey Barnard,200 Freestyle,SC,02:42.25,162.25,02:44.40,314,2025-11-29,Bristol & South Gloucs SC County Qualifier L3 2025,Weston-super-Mare,SW252042,3,5.0.0-python,BATCH-20261004-124716,2026-10-04,SC
1678924_200IndividualMedley_SC_2026-06-13,1678924,Lola Tembey Barnard,200 Individual Medley,SC,02:50.84,170.84,02:53.10,360,2026-06-13,Clevedon ASC Summerset Sizzler,Weston Super Mare,SW260842,3,5.0.0-python,BATCH-20261004-124716,2026-10-04,SC
1678924_50Backstroke_SC_2022-11-26,1678924,Lola Tembey Barnard,50 Backstroke,SC,01:01.86,61.86,01:02.20,67,2022-11-26,Keynsham & Bristol Penguins Autumn Sprint Meet 22,Bristol,SW222202,3,5.0.0-python,BATCH-20261004-124716,2026-10-04,SC
1678924_50Breaststroke_LC_2026-02-07,1678924,Lola Tembey Barnard,50 Breaststroke,LC,00:41.89,41.89,00:41.10,337,2026-02-07,Somerset ASA County Championships 2026,Street,SW260208,1,5.0.0-python,BATCH-20261004-124716,2026-10-04,LC
1678924_50Breaststroke_SC_2026-06-13,1678924,Lola Tembey Barnard,50 Breaststroke,SC,00:39.97,39.97,00:40.80,357,2026-06-13,Clevedon ASC Summerset Sizzler,Weston Super Mare,SW260842,3,5.0.0-python,BATCH-20261004-124716,2026-10-04,SC
1678924_50Butterfly_SC_2026-03-28,1678924,Lola Tembey Barnard,50 Butterfly,SC,00:37.14,37.14,00:37.60,267,2026-03-28,Yeovil District SC Spring Fling Open Meet,Street,SW260136,3,5.0.0-python,BATCH-20261004-124716,2026-10-04,SC
1678924_50Freestyle_LC_2026-05-30,1678924,Lola Tembey Barnard,50 Freestyle,LC,00:33.79,33.79,00:33.20,341,2026-05-30,City of Wells Open Meet 2026,Stree,SW260753,3,5.0.0-python,BATCH-20261004-124716,2026-10-04,LC
1678924_50Freestyle_SC_2026-03-28,1678924,Lola Tembey Barnard,50 Freestyle,SC,00:33.03,33.03,00:33.70,330,2026-03-28,Yeovil District SC Spring Fling Open Meet,Street,SW260136,3,5.0.0-python,BATCH-20261004-124716,2026-10-04,SC
1721978_100Backstroke_SC_2025-10-11,1721978,Luca Watson,100 Backstroke,SC,01:40.15,100.15,01:41.00,112,2025-10-11,National Arena Swimming League Western 2025 R1 G2,Newport,SW252096,3,5.0.0-python,BATCH-20261004-124716,2026-10-04,SC
1729678_100Backstroke_SC_2025-12-06,1729678,Oliver Waller,100 Backstroke,SC,01:35.52,95.52,01:36.40,129,2025-12-06,National Arena Swimming League Western 2025 R3 G2,Plymouth,SW252110,3,5.0.0-python,BATCH-20261004-124716,2026-10-04,SC
1729678_100Freestyle_LC_2026-07-19,1729678,Oliver Waller,100 Freestyle,LC,01:12.39,72.39,01:11.20,263,2026-07-19,City of Bristol L3 Long Course Summer Festival,Bristol,SW261489,3,5.0.0-python,BATCH-20261004-124716,2026-10-04,LC
1729678_100Freestyle_SC_2026-06-27,1729678,Oliver Waller,100 Freestyle,SC,01:09.71,69.71,01:10.90,266,2026-06-27,Burnham-on-Sea Super Six L3 Meet,Weston-Super-Mare,SW260527,3,5.0.0-python,BATCH-20261004-124716,2026-10-04,SC
1729678_100IndividualMedley_SC_2026-09-19,1729678,Oliver Waller,100 Individual Medley,SC,01:21.05,81.05,01:21.10,224,2026-09-19,Somerset ASA County Relay Team & 100m IM 1Dayer,"Street, Somerset",SW261687,2,5.0.0-python,BATCH-20261004-124716,2026-10-04,SC
1729678_200Freestyle_LC_2026-05-30,1729678,Oliver Waller,200 Freestyle,LC,02:45.21,165.21,02:43.10,235,2026-05-30,City of Wells Open Meet 2026,Stree,SW260753,3,5.0.0-python,BATCH-20261004-124716,2026-10-04,LC
1729678_200Freestyle_SC_2026-03-29,1729678,Oliver Waller,200 Freestyle,SC,02:50.68,170.68,02:52.70,192,2026-03-29,Yeovil District SC Spring Fling Open Meet,Street,SW260136,3,5.0.0-python,BATCH-20261004-124716,2026-10-04,SC
1729678_200IndividualMedley_LC_2026-07-19,1729678,Oliver Waller,200 Individual Medley,LC,03:04.22,184.22,03:02.10,228,2026-07-19,City of Bristol L3 Long Course Summer Festival,Bristol,SW261489,3,5.0.0-python,BATCH-20261004-124716,2026-10-04,LC
1729678_50Backstroke_LC_2026-07-18,1729678,Oliver Waller,50 Backstroke,LC,00:40.33,40.33,00:39.80,199,2026-07-18,City of Bristol L3 Long Course Summer Festival,Bristol,SW261489,3,5.0.0-python,BATCH-20261004-124716,2026-10-04,LC
1729678_50Backstroke_SC_2025-11-29,1729678,Oliver Waller,50 Backstroke,SC,00:43.52,43.52,00:44.00,131,2025-11-29,Bristol & South Gloucs SC County Qualifier L3 2025,Weston-super-Mare,SW252042,3,5.0.0-python,BATCH-20261004-124716,2026-10-04,SC
1729678_50Breaststroke_SC_2025-11-30,1729678,Oliver Waller,50 Breaststroke,SC,00:50.23,50.23,00:50.90,122,2025-11-30,Bristol & South Gloucs SC County Qualifier L3 2025,Weston-super-Mare,SW252042,3,5.0.0-python,BATCH-20261004-124716,2026-10-04,SC
1729678_50Butterfly_LC_2026-05-30,1729678,Oliver Waller,50 Butterfly,LC,00:40.80,40.8,00:40.30,162,2026-05-30,City of Wells Open Meet 2026,Stree,SW260753,3,5.0.0-python,BATCH-20261004-124716,2026-10-04,LC
1729678_50Butterfly_SC_2026-06-27,1729678,Oliver Waller,50 Butterfly,SC,00:39.08,39.08,00:39.60,162,2026-06-27,Burnham-on-Sea Super Six L3 Meet,Weston-Super-Mare,SW260527,3,5.0.0-python,BATCH-20261004-124716,2026-10-04,SC
1729678_50Freestyle_LC_2026-07-18,1729678,Oliver Waller,50 Freestyle,LC,00:31.90,31.9,00:31.20,281,2026-07-18,City of Bristol L3 Long Course Summer Festival,Bristol,SW261489,3,5.0.0-python,BATCH-20261004-124716,2026-10-04,LC
1729678_50Freestyle_SC_2026-06-27,1729678,Oliver Waller,50 Freestyle,SC,00:31.28,31.28,00:31.90,257,2026-06-27,Burnham-on-Sea Super Six L3 Meet,Weston-Super-Mare,SW260527,3,5.0.0-python,BATCH-20261004-124716,2026-10-04,SC
1424454_100Breaststroke_SC_2025-07-05,1424454,Oscar Crow,100 Breaststroke,SC,01:59.27,119.27,02:00.30,99,2025-07-05,Clevedon ASC Summerset Sizzler Level 3 Meet,Weston Super Mare,SW250237,3,5.0.0-python,BATCH-20261004-124716,2026-10-04,SC
1424454_100Butterfly_SC_2025-11-30,1424454,Oscar Crow,100 Butterfly,SC,01:47.94,107.94,01:48.60,86,2025-11-30,Bristol & South Gloucs SC County Qualifier L3 2025,Weston-super-Mare,SW252042,3,5.0.0-python,BATCH-20261004-124716,2026-10-04,SC
1424454_100Freestyle_SC_2024-03-10,1424454,Oscar Crow,100 Freestyle,SC,01:34.93,94.93,01:35.80,105,2024-03-10,Keynsham SC & Bristol Penguin Spring Open Meet,Weston Super Mare,SW240472,3,5.0.0-python,BATCH-20261004-124716,2026-10-04,SC
1424454_100IndividualMedley_SC_2026-06-14,1424454,Oscar Crow,100 Individual Medley,SC,01:33.14,93.14,01:33.10,148,2026-06-14,Clevedon ASC Summerset Sizzler,Weston Super Mare,SW260842,3,5.0.0-python,BATCH-20261004-124716,2026-10-04,SC
1424454_200Butterfly_SC_2026-06-13,1424454,Oscar Crow,200 Butterfly,SC,03:50.42,230.42,03:51.80,99,2026-06-13,Clevedon ASC Summerset Sizzler,Weston Super Mare,SW260842,3,5.0.0-python,BATCH-20261004-124716,2026-10-04,SC
1424454_200IndividualMedley_SC_2026-03-08,1424454,Oscar Crow,200 Individual Medley,SC,03:26.20,206.2,03:28.10,147,2026-03-08,"Keynsham, Bristol & So Gloucestershire 6th Open",Weston-Super-Mare,SW260341,3,5.0.0-python,BATCH-20261004-124716,2026-10-04,SC
1424454_400Freestyle_SC_2026-06-14,1424454,Oscar Crow,400 Freestyle,SC,06:34.94,394.94,06:38.50,155,2026-06-14,Clevedon ASC Summerset Sizzler,Weston Super Mare,SW260842,3,5.0.0-python,BATCH-20261004-124716,2026-10-04,SC
1424454_50Butterfly_SC_2024-03-09,1424454,Oscar Crow,50 Butterfly,SC,00:52.13,52.13,00:52.50,68,2024-03-09,Keynsham SC & Bristol Penguin Spring Open Meet,Weston Super Mare,SW240472,3,5.0.0-python,BATCH-20261004-124716,2026-10-04,SC
1424454_50Freestyle_SC_2025-07-05,1424454,Oscar Crow,50 Freestyle,SC,00:38.48,38.48,00:39.00,138,2025-07-05,Clevedon ASC Summerset Sizzler Level 3 Meet,Weston Super Mare,SW250237,3,5.0.0-python,BATCH-20261004-124716,2026-10-04,SC
1826632_100Backstroke_LC_2026-07-18,1826632,Rebecca Flack,100 Backstroke,LC,01:24.12,84.12,01:23.20,313,2026-07-18,City of Bristol L3 Long Course Summer Festival,Bristol,SW261489,3,5.0.0-python,BATCH-20261004-124716,2026-10-04,LC
1826632_100Backstroke_SC_2026-03-08,1826632,Rebecca Flack,100 Backstroke,SC,01:20.90,80.9,01:21.90,297,2026-03-08,"Keynsham, Bristol & So Gloucestershire 6th Open",Weston-Super-Mare,SW260341,3,5.0.0-python,BATCH-20261004-124716,2026-10-04,SC
1826632_100Breaststroke_SC_2026-06-14,1826632,Rebecca Flack,100 Breaststroke,SC,01:32.52,92.52,01:33.90,306,2026-06-14,Clevedon ASC Summerset Sizzler,Weston Super Mare,SW260842,3,5.0.0-python,BATCH-20261004-124716,2026-10-04,SC
1826632_100Butterfly_LC_2026-07-19,1826632,Rebecca Flack,100 Butterfly,LC,01:21.88,81.88,01:20.90,296,2026-07-19,City of Bristol L3 Long Course Summer Festival,Bristol,SW261489,3,5.0.0-python,BATCH-20261004-124716,2026-10-04,LC
1826632_100Butterfly_SC_2025-10-26,1826632,Rebecca Flack,100 Butterfly,SC,01:27.31,87.31,01:28.20,220,2025-10-26,Co Bristol L3 SC Halloween Spooktacular 2025,Bristol,SW251781,3,5.0.0-python,BATCH-20261004-124716,2026-10-04,SC
1826632_100Freestyle_LC_2026-07-18,1826632,Rebecca Flack,100 Freestyle,LC,01:12.90,72.9,01:11.70,356,2026-07-18,City of Bristol L3 Long Course Summer Festival,Bristol,SW261489,3,5.0.0-python,BATCH-20261004-124716,2026-10-04,LC
1826632_100IndividualMedley_SC_2026-03-07,1826632,Rebecca Flack,100 Individual Medley,SC,01:19.19,79.19,01:19.20,337,2026-03-07,"Keynsham, Bristol & So Gloucestershire 6th Open",Weston-Super-Mare,SW260341,3,5.0.0-python,BATCH-20261004-124716,2026-10-04,SC
1826632_200Backstroke_SC_2026-06-13,1826632,Rebecca Flack,200 Backstroke,SC,02:55.63,175.63,02:57.50,303,2026-06-13,Clevedon ASC Summerset Sizzler,Weston Super Mare,SW260842,3,5.0.0-python,BATCH-20261004-124716,2026-10-04,SC
1826632_200Freestyle_SC_2025-10-26,1826632,Rebecca Flack,200 Freestyle,SC,02:47.83,167.83,02:49.90,283,2025-10-26,Co Bristol L3 SC Halloween Spooktacular 2025,Bristol,SW251781,3,5.0.0-python,BATCH-20261004-124716,2026-10-04,SC
1826632_200IndividualMedley_LC_2026-07-18,1826632,Rebecca Flack,200 Individual Medley,LC,02:58.81,178.81,02:56.60,347,2026-07-18,City of Bristol L3 Long Course Summer Festival,Bristol,SW261489,3,5.0.0-python,BATCH-20261004-124716,2026-10-04,LC
1826632_200IndividualMedley_SC_2026-06-13,1826632,Rebecca Flack,200 Individual Medley,SC,02:54.37,174.37,02:56.60,339,2026-06-13,Clevedon ASC Summerset Sizzler,Weston Super Mare,SW260842,3,5.0.0-python,BATCH-20261004-124716,2026-10-04,SC
1826632_400Freestyle_LC_2026-07-18,1826632,Rebecca Flack,400 Freestyle,LC,06:03.23,363.23,05:59.30,267,2026-07-18,City of Bristol L3 Long Course Summer Festival,Bristol,SW261489,3,5.0.0-python,BATCH-20261004-124716,2026-10-04,LC
1826632_400Freestyle_SC_2026-03-07,1826632,Rebecca Flack,400 Freestyle,SC,05:46.31,346.31,05:50.40,293,2026-03-07,"Keynsham, Bristol & So Gloucestershire 6th Open",Weston-Super-Mare,SW260341,3,5.0.0-python,BATCH-20261004-124716,2026-10-04,SC
1826632_50Backstroke_SC_2026-06-14,1826632,Rebecca Flack,50 Backstroke,SC,00:36.64,36.64,00:37.20,326,2026-06-14,Clevedon ASC Summerset Sizzler,Weston Super Mare,SW260842,3,5.0.0-python,BATCH-20261004-124716,2026-10-04,SC
1826632_50Breaststroke_SC_2026-03-07,1826632,Rebecca Flack,50 Breaststroke,SC,00:40.79,40.79,00:41.60,336,2026-03-07,"Keynsham, Bristol & So Gloucestershire 6th Open",Weston-Super-Mare,SW260341,3,5.0.0-python,BATCH-20261004-124716,2026-10-04,SC
1826632_50Butterfly_SC_2026-06-13,1826632,Rebecca Flack,50 Butterfly,SC,00:33.44,33.44,00:34.00,366,2026-06-13,Clevedon ASC Summerset Sizzler,Weston Super Mare,SW260842,3,5.0.0-python,BATCH-20261004-124716,2026-10-04,SC
1826632_50Freestyle_LC_2026-07-19,1826632,Rebecca Flack,50 Freestyle,LC,00:31.45,31.45,00:30.80,423,2026-07-19,City of Bristol L3 Long Course Summer Festival,Bristol,SW261489,3,5.0.0-python,BATCH-20261004-124716,2026-10-04,LC
1653840_100Backstroke_LC_2026-07-18,1653840,Rosie Livesey,100 Backstroke,LC,01:21.53,81.53,01:20.50,344,2026-07-18,City of Bristol L3 Long Course Summer Festival,Bristol,SW261489,3,5.0.0-python,BATCH-20261004-124716,2026-10-04,LC
1653840_100Backstroke_SC_2026-09-26,1653840,Rosie Livesey,100 Backstroke,SC,01:17.92,77.92,01:18.90,333,2026-09-26,Bristol North 46th Annual Junior Open Meet,Weston Super Mare,SW261223,3,5.0.0-python,BATCH-20261004-124716,2026-10-04,SC
1653840_100Breaststroke_LC_2026-07-18,1653840,Rosie Livesey,100 Breaststroke,LC,01:31.92,91.92,01:30.50,339,2026-07-18,City of Bristol L3 Long Course Summer Festival,Bristol,SW261489,3,5.0.0-python,BATCH-20261004-124716,2026-10-04,LC
1653840_100Breaststroke_SC_2026-09-26,1653840,Rosie Livesey,100 Breaststroke,SC,01:28.11,88.11,01:29.50,354,2026-09-26,Bristol North 46th Annual Junior Open Meet,Weston Super Mare,SW261223,3,5.0.0-python,BATCH-20261004-124716,2026-10-04,SC
1653840_100Butterfly_SC_2025-09-27,1653840,Rosie Livesey,100 Butterfly,SC,01:40.91,100.91,01:41.70,142,2025-09-27,Somerset ASA County Development Meet 2025,Street,SW251827,3,5.0.0-python,BATCH-20261004-124716,2026-10-04,SC
1653840_100Freestyle_LC_2026-02-07,1653840,Rosie Livesey,100 Freestyle,LC,01:18.50,78.5,01:17.40,285,2026-02-07,Somerset ASA County Championships 2026,Street,SW260208,1,5.0.0-python,BATCH-20261004-124716,2026-10-04,LC
1653840_100Freestyle_SC_2026-03-29,1653840,Rosie Livesey,100 Freestyle,SC,01:14.56,74.56,01:15.70,306,2026-03-29,Yeovil District SC Spring Fling Open Meet,Street,SW260136,3,5.0.0-python,BATCH-20261004-124716,2026-10-04,SC
1653840_100IndividualMedley_SC_2026-09-19,1653840,Rosie Livesey,100 Individual Medley,SC,01:19.74,79.74,01:19.70,330,2026-09-19,Somerset ASA County Relay Team & 100m IM 1Dayer,"Street, Somerset",SW261687,2,5.0.0-python,BATCH-20261004-124716,2026-10-04,SC
1653840_200Backstroke_LC_2026-07-19,1653840,Rosie Livesey,200 Backstroke,LC,02:56.40,176.4,02:54.50,340,2026-07-19,City of Bristol L3 Long Course Summer Festival,Bristol,SW261489,3,5.0.0-python,BATCH-20261004-124716,2026-10-04,LC
1653840_200Backstroke_SC_2026-06-13,1653840,Rosie Livesey,200 Backstroke,SC,02:50.22,170.22,02:52.20,333,2026-06-13,Clevedon ASC Summerset Sizzler,Weston Super Mare,SW260842,3,5.0.0-python,BATCH-20261004-124716,2026-10-04,SC
1653840_200Breaststroke_LC_2026-07-18,1653840,Rosie Livesey,200 Breaststroke,LC,03:17.86,197.86,03:15.20,335,2026-07-18,City of Bristol L3 Long Course Summer Festival,Bristol,SW261489,3,5.0.0-python,BATCH-20261004-124716,2026-10-04,LC
1653840_200Breaststroke_SC_2026-03-28,1653840,Rosie Livesey,200 Breaststroke,SC,03:15.58,195.58,03:18.30,310,2026-03-28,Yeovil District SC Spring Fling Open Meet,Street,SW260136,3,5.0.0-python,BATCH-20261004-124716,2026-10-04,SC
1653840_200Freestyle_LC_2026-02-08,1653840,Rosie Livesey,200 Freestyle,LC,02:52.94,172.94,02:50.90,273,2026-02-08,Somerset ASA County Championships 2026,Street,SW260208,1,5.0.0-python,BATCH-20261004-124716,2026-10-04,LC
1653840_200Freestyle_SC_2026-03-08,1653840,Rosie Livesey,200 Freestyle,SC,02:43.35,163.35,02:45.50,307,2026-03-08,"Keynsham, Bristol & So Gloucestershire 6th Open",Weston-Super-Mare,SW260341,3,5.0.0-python,BATCH-20261004-124716,2026-10-04,SC
1653840_200IndividualMedley_LC_2026-05-30,1653840,Rosie Livesey,200 Individual Medley,LC,03:07.42,187.42,03:05.30,301,2026-05-30,City of Wells Open Meet 2026,Stree,SW260753,3,5.0.0-python,BATCH-20261004-124716,2026-10-04,LC
1653840_200IndividualMedley_SC_2026-06-13,1653840,Rosie Livesey,200 Individual Medley,SC,02:57.34,177.34,02:59.60,322,2026-06-13,Clevedon ASC Summerset Sizzler,Weston Super Mare,SW260842,3,5.0.0-python,BATCH-20261004-124716,2026-10-04,SC
1653840_400Freestyle_LC_2026-05-30,1653840,Rosie Livesey,400 Freestyle,LC,06:05.24,365.24,06:01.40,263,2026-05-30,City of Wells Open Meet 2026,Stree,SW260753,3,5.0.0-python,BATCH-20261004-124716,2026-10-04,LC
1653840_400Freestyle_SC_2025-07-05,1653840,Rosie Livesey,400 Freestyle,SC,06:01.52,361.52,06:05.40,258,2025-07-05,Clevedon ASC Summerset Sizzler Level 3 Meet,Weston Super Mare,SW250237,3,5.0.0-python,BATCH-20261004-124716,2026-10-04,SC
1653840_50Backstroke_LC_2026-04-25,1653840,Rosie Livesey,50 Backstroke,LC,00:37.53,37.53,00:37.00,366,2026-04-25,SE SWR Summer Championships 2026,Street,SW260538,1,5.0.0-python,BATCH-20261004-124716,2026-10-04,LC
1653840_50Backstroke_SC_2026-06-27,1653840,Rosie Livesey,50 Backstroke,SC,00:36.29,36.29,00:36.80,336,2026-06-27,Burnham-on-Sea Super Six L3 Meet,Weston-Super-Mare,SW260527,3,5.0.0-python,BATCH-20261004-124716,2026-10-04,SC
1653840_50Breaststroke_LC_2026-07-18,1653840,Rosie Livesey,50 Breaststroke,LC,00:40.64,40.64,00:39.90,369,2026-07-18,City of Bristol L3 Long Course Summer Festival,Bristol,SW261489,3,5.0.0-python,BATCH-20261004-124716,2026-10-04,LC
1653840_50Breaststroke_SC_2026-06-27,1653840,Rosie Livesey,50 Breaststroke,SC,00:41.51,41.51,00:42.30,319,2026-06-27,Burnham-on-Sea Super Six L3 Meet,Weston-Super-Mare,SW260527,3,5.0.0-python,BATCH-20261004-124716,2026-10-04,SC
1653840_50Butterfly_LC_2026-07-19,1653840,Rosie Livesey,50 Butterfly,LC,00:36.13,36.13,00:35.60,309,2026-07-19,City of Bristol L3 Long Course Summer Festival,Bristol,SW261489,3,5.0.0-python,BATCH-20261004-124716,2026-10-04,LC
1653840_50Butterfly_SC_2026-09-26,1653840,Rosie Livesey,50 Butterfly,SC,00:35.34,35.34,00:35.90,310,2026-09-26,Bristol North 46th Annual Junior Open Meet,Weston Super Mare,SW261223,3,5.0.0-python,BATCH-20261004-124716,2026-10-04,SC
1653840_50Freestyle_LC_2026-05-30,1653840,Rosie Livesey,50 Freestyle,LC,00:33.59,33.59,00:33.00,347,2026-05-30,City of Wells Open Meet 2026,Stree,SW260753,3,5.0.0-python,BATCH-20261004-124716,2026-10-04,LC
1653840_50Freestyle_SC_2026-09-26,1653840,Rosie Livesey,50 Freestyle,SC,00:32.14,32.14,00:32.80,358,2026-09-26,Bristol North 46th Annual Junior Open Meet,Weston Super Mare,SW261223,3,5.0.0-python,BATCH-20261004-124716,2026-10-04,SC
1653840_800Freestyle_SC_2025-11-15,1653840,Rosie Livesey,800 Freestyle,SC,12:06.89,726.89,12:14.80,283,2025-11-15,Somerset ASA The John Bolton 2025,Street,SW252460,3,5.0.0-python,BATCH-20261004-124716,2026-10-04,SC
1740229_100Breaststroke_LC_2026-07-19,1740229,Seth Gould,100 Breaststroke,LC,01:35.16,95.16,01:33.80,213,2026-07-19,City of Bristol L3 Long Course Summer Festival,Bristol,SW261489,3,5.0.0-python,BATCH-20261004-124716,2026-10-04,LC
1740229_100Breaststroke_SC_2026-03-29,1740229,Seth Gould,100 Breaststroke,SC,01:32.63,92.63,01:34.00,212,2026-03-29,Yeovil District SC Spring Fling Open Meet,Street,SW260136,3,5.0.0-python,BATCH-20261004-124716,2026-10-04,SC
1740229_100Butterfly_SC_2025-12-06,1740229,Seth Gould,100 Butterfly,SC,01:51.18,111.18,01:51.90,79,2025-12-06,National Arena Swimming League Western 2025 R3 G2,Plymouth,SW252110,3,5.0.0-python,BATCH-20261004-124716,2026-10-04,SC
1740229_100Freestyle_LC_2026-07-19,1740229,Seth Gould,100 Freestyle,LC,01:12.63,72.63,01:11.50,260,2026-07-19,City of Bristol L3 Long Course Summer Festival,Bristol,SW261489,3,5.0.0-python,BATCH-20261004-124716,2026-10-04,LC
1740229_100Freestyle_SC_2026-06-27,1740229,Seth Gould,100 Freestyle,SC,01:10.76,70.76,01:11.90,254,2026-06-27,Burnham-on-Sea Super Six L3 Meet,Weston-Super-Mare,SW260527,3,5.0.0-python,BATCH-20261004-124716,2026-10-04,SC
1740229_100IndividualMedley_SC_2026-06-27,1740229,Seth Gould,100 Individual Medley,SC,01:21.56,81.56,01:21.60,220,2026-06-27,Burnham-on-Sea Super Six L3 Meet,Weston-Super-Mare,SW260527,3,5.0.0-python,BATCH-20261004-124716,2026-10-04,SC
1740229_200Breaststroke_LC_2026-01-25,1740229,Seth Gould,200 Breaststroke,LC,03:35.57,215.57,03:33.10,197,2026-01-25,Somerset ASA County Championships 2026,Street,SW260207,1,5.0.0-python,BATCH-20261004-124716,2026-10-04,LC
1740229_200Breaststroke_SC_2026-03-29,1740229,Seth Gould,200 Breaststroke,SC,03:19.68,199.68,03:22.30,217,2026-03-29,Yeovil District SC Spring Fling Open Meet,Street,SW260136,3,5.0.0-python,BATCH-20261004-124716,2026-10-04,SC
1740229_200Freestyle_SC_2026-03-29,1740229,Seth Gould,200 Freestyle,SC,02:44.37,164.37,02:46.50,215,2026-03-29,Yeovil District SC Spring Fling Open Meet,Street,SW260136,3,5.0.0-python,BATCH-20261004-124716,2026-10-04,SC
1740229_50Backstroke_SC_2026-06-27,1740229,Seth Gould,50 Backstroke,SC,00:40.57,40.57,00:41.10,161,2026-06-27,Burnham-on-Sea Super Six L3 Meet,Weston-Super-Mare,SW260527,3,5.0.0-python,BATCH-20261004-124716,2026-10-04,SC
1740229_50Breaststroke_LC_2026-07-19,1740229,Seth Gould,50 Breaststroke,LC,00:42.90,42.9,00:42.20,221,2026-07-19,City of Bristol L3 Long Course Summer Festival,Bristol,SW261489,3,5.0.0-python,BATCH-20261004-124716,2026-10-04,LC
1740229_50Breaststroke_SC_2026-06-27,1740229,Seth Gould,50 Breaststroke,SC,00:41.54,41.54,00:42.30,216,2026-06-27,Burnham-on-Sea Super Six L3 Meet,Weston-Super-Mare,SW260527,3,5.0.0-python,BATCH-20261004-124716,2026-10-04,SC
1740229_50Butterfly_SC_2026-03-29,1740229,Seth Gould,50 Butterfly,SC,00:40.71,40.71,00:41.20,143,2026-03-29,Yeovil District SC Spring Fling Open Meet,Street,SW260136,3,5.0.0-python,BATCH-20261004-124716,2026-10-04,SC
1740229_50Freestyle_LC_2026-05-31,1740229,Seth Gould,50 Freestyle,LC,00:34.37,34.37,00:33.80,225,2026-05-31,City of Wells Open Meet 2026,Stree,SW260753,3,5.0.0-python,BATCH-20261004-124716,2026-10-04,LC
1740229_50Freestyle_SC_2026-06-27,1740229,Seth Gould,50 Freestyle,SC,00:31.79,31.79,00:32.40,245,2026-06-27,Burnham-on-Sea Super Six L3 Meet,Weston-Super-Mare,SW260527,3,5.0.0-python,BATCH-20261004-124716,2026-10-04,SC
1615657_100Breaststroke_LC_2026-07-18,1615657,Siena Blackshaw,100 Breaststroke,LC,01:29.70,89.7,01:28.30,365,2026-07-18,City of Bristol L3 Long Course Summer Festival,Bristol,SW261489,3,5.0.0-python,BATCH-20261004-124716,2026-10-04,LC
1615657_100Breaststroke_SC_2025-12-13,1615657,Siena Blackshaw,100 Breaststroke,SC,01:27.36,87.36,01:28.80,363,2025-12-13,Yeovil & District Christmas L3 Open Meet 2025,Street,SW251600,3,5.0.0-python,BATCH-20261004-124716,2026-10-04,SC
1615657_100Freestyle_LC_2026-05-30,1615657,Siena Blackshaw,100 Freestyle,LC,01:14.30,74.3,01:13.20,337,2026-05-30,City of Wells Open Meet 2026,Stree,SW260753,3,5.0.0-python,BATCH-20261004-124716,2026-10-04,LC
1615657_100Freestyle_SC_2026-03-29,1615657,Siena Blackshaw,100 Freestyle,SC,01:12.44,72.44,01:13.60,333,2026-03-29,Yeovil District SC Spring Fling Open Meet,Street,SW260136,3,5.0.0-python,BATCH-20261004-124716,2026-10-04,SC
1615657_100IndividualMedley_SC_2025-12-14,1615657,Siena Blackshaw,100 Individual Medley,SC,01:22.40,82.4,01:22.40,299,2025-12-14,Yeovil & District Christmas L3 Open Meet 2025,Street,SW251600,3,5.0.0-python,BATCH-20261004-124716,2026-10-04,SC
1615657_200Breaststroke_LC_2026-07-18,1615657,Siena Blackshaw,200 Breaststroke,LC,03:25.12,205.12,03:22.50,301,2026-07-18,City of Bristol L3 Long Course Summer Festival,Bristol,SW261489,3,5.0.0-python,BATCH-20261004-124716,2026-10-04,LC
1615657_200Breaststroke_SC_2026-03-28,1615657,Siena Blackshaw,200 Breaststroke,SC,03:15.73,195.73,03:18.40,310,2026-03-28,Yeovil District SC Spring Fling Open Meet,Street,SW260136,3,5.0.0-python,BATCH-20261004-124716,2026-10-04,SC
1615657_200IndividualMedley_LC_2025-07-19,1615657,Siena Blackshaw,200 Individual Medley,LC,03:08.15,188.15,03:06.00,298,2025-07-19,City of Bristol SC L3 Long Course Summer Festival,Bristol,SW250631,3,5.0.0-python,BATCH-20261004-124716,2026-10-04,LC
1615657_200IndividualMedley_SC_2026-03-08,1615657,Siena Blackshaw,200 Individual Medley,SC,03:01.31,181.31,03:03.50,301,2026-03-08,"Keynsham, Bristol & So Gloucestershire 6th Open",Weston-Super-Mare,SW260341,3,5.0.0-python,BATCH-20261004-124716,2026-10-04,SC
1615657_50Backstroke_LC_2026-07-19,1615657,Siena Blackshaw,50 Backstroke,LC,00:40.44,40.44,00:39.90,293,2026-07-19,City of Bristol L3 Long Course Summer Festival,Bristol,SW261489,3,5.0.0-python,BATCH-20261004-124716,2026-10-04,LC
1615657_50Breaststroke_LC_2026-02-07,1615657,Siena Blackshaw,50 Breaststroke,LC,00:40.94,40.94,00:40.20,361,2026-02-07,Somerset ASA County Championships 2026,Street,SW260208,1,5.0.0-python,BATCH-20261004-124716,2026-10-04,LC
1615657_50Breaststroke_SC_2025-11-30,1615657,Siena Blackshaw,50 Breaststroke,SC,00:40.01,40.01,00:40.80,356,2025-11-30,Bristol & South Gloucs SC County Qualifier L3 2025,Weston-super-Mare,SW252042,3,5.0.0-python,BATCH-20261004-124716,2026-10-04,SC
1615657_50Butterfly_LC_2026-07-19,1615657,Siena Blackshaw,50 Butterfly,LC,00:36.03,36.03,00:35.50,311,2026-07-19,City of Bristol L3 Long Course Summer Festival,Bristol,SW261489,3,5.0.0-python,BATCH-20261004-124716,2026-10-04,LC
1615657_50Butterfly_SC_2026-06-13,1615657,Siena Blackshaw,50 Butterfly,SC,00:35.94,35.94,00:36.50,295,2026-06-13,Clevedon ASC Summerset Sizzler,Weston Super Mare,SW260842,3,5.0.0-python,BATCH-20261004-124716,2026-10-04,SC
1615657_50Freestyle_LC_2026-07-19,1615657,Siena Blackshaw,50 Freestyle,LC,00:33.51,33.51,00:32.90,349,2026-07-19,City of Bristol L3 Long Course Summer Festival,Bristol,SW261489,3,5.0.0-python,BATCH-20261004-124716,2026-10-04,LC
1615657_50Freestyle_SC_2025-11-30,1615657,Siena Blackshaw,50 Freestyle,SC,00:33.25,33.25,00:33.90,323,2025-11-30,Bristol & South Gloucs SC County Qualifier L3 2025,Weston-super-Mare,SW252042,3,5.0.0-python,BATCH-20261004-124716,2026-10-04,SC
1696822_100Backstroke_SC_2023-06-25,1696822,Sophia Davis,100 Backstroke,SC,02:10.22,130.22,02:10.80,71,2023-06-25,Clevedon and Trident Level 3 Open Meet 2023,Hutton Moor lc,SW230580,3,5.0.0-python,BATCH-20261004-124716,2026-10-04,SC
1696822_100Breaststroke_SC_2026-03-28,1696822,Sophia Davis,100 Breaststroke,SC,01:40.25,100.25,01:41.50,240,2026-03-28,Yeovil District SC Spring Fling Open Meet,Street,SW260136,3,5.0.0-python,BATCH-20261004-124716,2026-10-04,SC
1696822_100Freestyle_SC_2026-06-13,1696822,Sophia Davis,100 Freestyle,SC,01:18.67,78.67,01:19.70,260,2026-06-13,Clevedon ASC Summerset Sizzler,Weston Super Mare,SW260842,3,5.0.0-python,BATCH-20261004-124716,2026-10-04,SC
1696822_100IndividualMedley_SC_2026-06-27,1696822,Sophia Davis,100 Individual Medley,SC,01:29.50,89.5,01:29.50,233,2026-06-27,Burnham-on-Sea Super Six L3 Meet,Weston-Super-Mare,SW260527,3,5.0.0-python,BATCH-20261004-124716,2026-10-04,SC
1696822_200Backstroke_SC_2023-06-25,1696822,Sophia Davis,200 Backstroke,SC,04:23.46,263.46,04:24.70,89,2023-06-25,Clevedon and Trident Level 3 Open Meet 2023,Hutton Moor lc,SW230580,3,5.0.0-python,BATCH-20261004-124716,2026-10-04,SC
1696822_200IndividualMedley_SC_2026-06-13,1696822,Sophia Davis,200 Individual Medley,SC,03:22.30,202.3,03:24.20,217,2026-06-13,Clevedon ASC Summerset Sizzler,Weston Super Mare,SW260842,3,5.0.0-python,BATCH-20261004-124716,2026-10-04,SC
1696822_50Backstroke_SC_2023-06-24,1696822,Sophia Davis,50 Backstroke,SC,00:57.45,57.45,00:57.80,84,2023-06-24,Clevedon and Trident Level 3 Open Meet 2023,Hutton Moor lc,SW230580,3,5.0.0-python,BATCH-20261004-124716,2026-10-04,SC
1696822_50Breaststroke_LC_2025-01-25,1696822,Sophia Davis,50 Breaststroke,LC,00:49.07,49.07,00:48.40,209,2025-01-25,2025 Somerset ASA County Championships,Millfield,SW250188,1,5.0.0-python,BATCH-20261004-124716,2026-10-04,LC
1696822_50Breaststroke_SC_2026-06-13,1696822,Sophia Davis,50 Breaststroke,SC,00:45.24,45.24,00:45.90,246,2026-06-13,Clevedon ASC Summerset Sizzler,Weston Super Mare,SW260842,3,5.0.0-python,BATCH-20261004-124716,2026-10-04,SC
1696822_50Freestyle_LC_2025-02-09,1696822,Sophia Davis,50 Freestyle,LC,00:35.47,35.47,00:34.90,294,2025-02-09,2025 Somerset ASA County Championships,Millfield,SW250189,1,5.0.0-python,BATCH-20261004-124716,2026-10-04,LC
1696822_50Freestyle_SC_2025-12-13,1696822,Sophia Davis,50 Freestyle,SC,00:33.51,33.51,00:34.10,316,2025-12-13,Yeovil & District Christmas L3 Open Meet 2025,Street,SW251600,3,5.0.0-python,BATCH-20261004-124716,2026-10-04,SC
1812256_100Freestyle_LC_2026-07-19,1812256,Victor Tsang,100 Freestyle,LC,01:45.93,105.93,01:45.10,84,2026-07-19,City of Bristol L3 Long Course Summer Festival,Bristol,SW261489,3,5.0.0-python,BATCH-20261004-124716,2026-10-04,LC
1812256_100Freestyle_SC_2026-06-27,1812256,Victor Tsang,100 Freestyle,SC,01:44.69,104.69,01:45.50,78,2026-06-27,Burnham-on-Sea Super Six L3 Meet,Weston-Super-Mare,SW260527,3,5.0.0-python,BATCH-20261004-124716,2026-10-04,SC
1812256_50Freestyle_LC_2026-05-31,1812256,Victor Tsang,50 Freestyle,LC,00:45.84,45.84,00:45.40,94,2026-05-31,City of Wells Open Meet 2026,Stree,SW260753,3,5.0.0-python,BATCH-20261004-124716,2026-10-04,LC
1812256_50Freestyle_SC_2026-06-27,1812256,Victor Tsang,50 Freestyle,SC,00:52.46,52.46,00:52.90,54,2026-06-27,Burnham-on-Sea Super Six L3 Meet,Weston-Super-Mare,SW260527,3,5.0.0-python,BATCH-20261004-124716,2026-10-04,SC
1702384_100Backstroke_SC_2025-12-14,1702384,Zac Oates,100 Backstroke,SC,01:16.03,76.03,01:17.10,256,2025-12-14,Yeovil & District Christmas L3 Open Meet 2025,Street,SW251600,3,5.0.0-python,BATCH-20261004-124716,2026-10-04,SC
1702384_100Breaststroke_LC_2026-02-08,1702384,Zac Oates,100 Breaststroke,LC,01:27.65,87.65,01:26.20,273,2026-02-08,Somerset ASA County Championships 2026,Street,SW260208,1,5.0.0-python,BATCH-20261004-124716,2026-10-04,LC
1702384_100Breaststroke_SC_2026-03-08,1702384,Zac Oates,100 Breaststroke,SC,01:22.38,82.38,01:23.90,302,2026-03-08,"Keynsham, Bristol & So Gloucestershire 6th Open",Weston-Super-Mare,SW260341,3,5.0.0-python,BATCH-20261004-124716,2026-10-04,SC
1702384_100Freestyle_LC_2026-07-19,1702384,Zac Oates,100 Freestyle,LC,01:01.45,61.45,01:00.10,430,2026-07-19,City of Bristol L3 Long Course Summer Festival,Bristol,SW261489,3,5.0.0-python,BATCH-20261004-124716,2026-10-04,LC
1702384_100Freestyle_SC_2026-06-14,1702384,Zac Oates,100 Freestyle,SC,00:58.64,58.64,01:00.00,447,2026-06-14,Clevedon ASC Summerset Sizzler,Weston Super Mare,SW260842,3,5.0.0-python,BATCH-20261004-124716,2026-10-04,SC
1702384_100IndividualMedley_SC_2026-09-19,1702384,Zac Oates,100 Individual Medley,SC,01:12.34,72.34,01:12.30,316,2026-09-19,Somerset ASA County Relay Team & 100m IM 1Dayer,"Street, Somerset",SW261687,2,5.0.0-python,BATCH-20261004-124716,2026-10-04,SC
1702384_200Breaststroke_LC_2026-07-19,1702384,Zac Oates,200 Breaststroke,LC,03:11.40,191.4,03:08.60,281,2026-07-19,City of Bristol L3 Long Course Summer Festival,Bristol,SW261489,3,5.0.0-python,BATCH-20261004-124716,2026-10-04,LC
1702384_200Breaststroke_SC_2026-06-13,1702384,Zac Oates,200 Breaststroke,SC,03:05.16,185.16,03:08.00,273,2026-06-13,Clevedon ASC Summerset Sizzler,Weston Super Mare,SW260842,3,5.0.0-python,BATCH-20261004-124716,2026-10-04,SC
1702384_200Freestyle_LC_2026-07-18,1702384,Zac Oates,200 Freestyle,LC,02:22.24,142.24,02:19.80,368,2026-07-18,City of Bristol L3 Long Course Summer Festival,Bristol,SW261489,3,5.0.0-python,BATCH-20261004-124716,2026-10-04,LC
1702384_200Freestyle_SC_2026-06-13,1702384,Zac Oates,200 Freestyle,SC,02:14.66,134.66,02:17.20,392,2026-06-13,Clevedon ASC Summerset Sizzler,Weston Super Mare,SW260842,3,5.0.0-python,BATCH-20261004-124716,2026-10-04,SC
1702384_200IndividualMedley_LC_2026-05-31,1702384,Zac Oates,200 Individual Medley,LC,02:46.65,166.65,02:44.30,309,2026-05-31,City of Wells Open Meet 2026,Stree,SW260753,3,5.0.0-python,BATCH-20261004-124716,2026-10-04,LC
1702384_200IndividualMedley_SC_2026-03-28,1702384,Zac Oates,200 Individual Medley,SC,02:41.62,161.62,02:44.00,305,2026-03-28,Yeovil District SC Spring Fling Open Meet,Street,SW260136,3,5.0.0-python,BATCH-20261004-124716,2026-10-04,SC
1702384_400Freestyle_LC_2026-07-19,1702384,Zac Oates,400 Freestyle,LC,05:11.07,311.07,05:06.50,353,2026-07-19,City of Bristol L3 Long Course Summer Festival,Bristol,SW261489,3,5.0.0-python,BATCH-20261004-124716,2026-10-04,LC
1702384_400Freestyle_SC_2026-03-07,1702384,Zac Oates,400 Freestyle,SC,04:57.88,297.88,05:02.60,361,2026-03-07,"Keynsham, Bristol & So Gloucestershire 6th Open",Weston-Super-Mare,SW260341,3,5.0.0-python,BATCH-20261004-124716,2026-10-04,SC
1702384_50Backstroke_LC_2026-01-25,1702384,Zac Oates,50 Backstroke,LC,00:34.13,34.13,00:33.50,328,2026-01-25,Somerset ASA County Championships 2026,Street,SW260207,1,5.0.0-python,BATCH-20261004-124716,2026-10-04,LC
1702384_50Backstroke_SC_2025-11-29,1702384,Zac Oates,50 Backstroke,SC,00:35.26,35.26,00:35.80,246,2025-11-29,Bristol & South Gloucs SC County Qualifier L3 2025,Weston-super-Mare,SW252042,3,5.0.0-python,BATCH-20261004-124716,2026-10-04,SC
1702384_50Breaststroke_LC_2025-02-08,1702384,Zac Oates,50 Breaststroke,LC,00:40.17,40.17,00:39.40,269,2025-02-08,2025 Somerset ASA County Championships,Millfield,SW250189,1,5.0.0-python,BATCH-20261004-124716,2026-10-04,LC
1702384_50Breaststroke_SC_2026-06-27,1702384,Zac Oates,50 Breaststroke,SC,00:38.08,38.08,00:38.90,281,2026-06-27,Burnham-on-Sea Super Six L3 Meet,Weston-Super-Mare,SW260527,3,5.0.0-python,BATCH-20261004-124716,2026-10-04,SC
1702384_50Butterfly_SC_2026-06-27,1702384,Zac Oates,50 Butterfly,SC,00:32.33,32.33,00:32.90,286,2026-06-27,Burnham-on-Sea Super Six L3 Meet,Weston-Super-Mare,SW260527,3,5.0.0-python,BATCH-20261004-124716,2026-10-04,SC
1702384_50Freestyle_LC_2026-07-18,1702384,Zac Oates,50 Freestyle,LC,00:28.27,28.27,00:27.50,404,2026-07-18,City of Bristol L3 Long Course Summer Festival,Bristol,SW261489,3,5.0.0-python,BATCH-20261004-124716,2026-10-04,LC
1702384_50Freestyle_SC_2026-06-27,1702384,Zac Oates,50 Freestyle,SC,00:27.55,27.55,00:28.30,376,2026-06-27,Burnham-on-Sea Super Six L3 Meet,Weston-Super-Mare,SW260527,3,5.0.0-python,BATCH-20261004-124716,2026-10-04,SC
1702384_800Freestyle_LC_2026-01-18,1702384,Zac Oates,800 Freestyle,LC,11:07.48,667.48,10:58.70,310,2026-01-18,Somerset ASA County Championships 2026,Street,SW260206,1,5.0.0-python,BATCH-20261004-124716,2026-10-04,LC
1702384_800Freestyle_SC_2025-11-15,1702384,Zac Oates,800 Freestyle,SC,10:39.45,639.45,10:48.40,326,2025-11-15,Somerset ASA The John Bolton 2025,Street,SW252460,3,5.0.0-python,BATCH-20261004-124716,2026-10-04,SC
